2026-09-05T21:30:03.7879193Z ##[group]Run cargo clippy --workspace --all-targets -- -D warnings
2026-09-05T21:30:03.7879624Z [36;1mcargo clippy --workspace --all-targets -- -D warnings[0m
2026-09-05T21:30:03.7910515Z shell: /usr/bin/bash -e {0}
2026-09-05T21:30:03.7910726Z env:
2026-09-05T21:30:03.7910885Z   MUJOCO_VERSION: 3.4.0
2026-09-05T21:30:03.7911076Z   CARGO_HOME: /home/runner/.cargo
2026-09-05T21:30:03.7911444Z   CARGO_INCREMENTAL: 0
2026-09-05T21:30:03.7911623Z   CARGO_TERM_COLOR: always
2026-09-05T21:30:03.7911840Z   MUJOCO_HOME: /home/runner/work/_temp/mujoco-3.4.0
2026-09-05T21:30:03.7912127Z   LD_LIBRARY_PATH: /home/runner/work/_temp/mujoco-3.4.0/lib
2026-09-05T21:30:03.7912391Z ##[endgroup]
2026-09-05T21:30:03.8413686Z [1m[92m    Updating[0m crates.io index
2026-09-05T21:30:05.0007293Z [1m[92m     Locking[0m 756 packages to latest compatible versions
2026-09-05T21:30:05.0083756Z [1m[92m      Adding[0m bindgen v0.71.1 [1m[33m(available: v0.73.1)[0m
2026-09-05T21:30:05.0094009Z [1m[92m      Adding[0m burn v0.20.1 [1m[33m(available: v0.21.0)[0m
2026-09-05T21:30:05.0142872Z [1m[92m      Adding[0m clarabel v0.9.0 [1m[33m(available: v0.11.1)[0m
2026-09-05T21:30:05.0214518Z [1m[92m      Adding[0m eframe v0.32.3 [1m[33m(available: v0.36.1)[0m
2026-09-05T21:30:05.0220501Z [1m[92m      Adding[0m egui v0.32.3 [1m[33m(available: v0.36.1)[0m
2026-09-05T21:30:05.0222576Z [1m[92m      Adding[0m egui-wgpu v0.32.3 [1m[33m(available: v0.36.1)[0m
2026-09-05T21:30:05.0229991Z [1m[92m      Adding[0m egui_plot v0.33.0 [1m[33m(available: v0.37.0)[0m
2026-09-05T21:30:05.0263943Z [1m[92m      Adding[0m generic-array v0.14.7 [1m[33m(available: v0.14.9)[0m
2026-09-05T21:30:05.0270801Z [1m[92m      Adding[0m getrandom v0.2.17 [1m[33m(available: v0.4.3)[0m
2026-09-05T21:30:05.0274040Z [1m[92m      Adding[0m getrandom v0.3.4 [1m[33m(available: v0.4.3)[0m
2026-09-05T21:30:05.0364560Z [1m[92m      Adding[0m indoc-impl v0.3.6 [1m[33m(available: v0.3.7)[0m
2026-09-05T21:30:05.0378619Z [1m[92m      Adding[0m libloading v0.8.9 [1m[33m(available: v0.9.0)[0m
2026-09-05T21:30:05.0414607Z [1m[92m      Adding[0m nalgebra v0.30.1 [1m[33m(available: v0.35.0)[0m
2026-09-05T21:30:05.0445921Z [1m[92m      Adding[0m ordered-float v5.0.0 [1m[33m(available: v5.5.0)[0m
2026-09-05T21:30:05.0448837Z [1m[92m      Adding[0m ort v2.0.0-rc.12 [1m[33m(available: v2.0.0-rc.13)[0m
2026-09-05T21:30:05.0450447Z [1m[92m      Adding[0m ort-sys v2.0.0-rc.12 [1m[33m(available: v2.0.0-rc.13)[0m
2026-09-05T21:30:05.0451090Z [1m[92m      Adding[0m ort-web v0.2.1+1.24 [1m[33m(available: v0.3.1+1.27)[0m
2026-09-05T21:30:05.0505327Z [1m[92m      Adding[0m rand v0.8.8 [1m[33m(available: v0.10.2)[0m
2026-09-05T21:30:05.0906717Z [1m[92m      Adding[0m wgpu v25.0.2 [1m[33m(available: v30.0.1)[0m
2026-09-05T21:30:05.1425183Z [1m[92m Downloading[0m crates ...
2026-09-05T21:30:05.1762459Z [1m[92m  Downloaded[0m same-file v1.0.6
2026-09-05T21:30:05.1802678Z [1m[92m  Downloaded[0m rustversion v1.0.23
2026-09-05T21:30:05.1842598Z [1m[92m  Downloaded[0m ab_glyph v0.2.32
2026-09-05T21:30:05.1865616Z [1m[92m  Downloaded[0m rustc-demangle v0.1.28
2026-09-05T21:30:05.1889607Z [1m[92m  Downloaded[0m rustls-pki-types v1.15.1
2026-09-05T21:30:05.1931442Z [1m[92m  Downloaded[0m rmp-serde v1.3.1
2026-09-05T21:30:05.1958056Z [1m[92m  Downloaded[0m ryu v1.0.23
2026-09-05T21:30:05.1997189Z [1m[92m  Downloaded[0m rmp v0.8.15
2026-09-05T21:30:05.2042682Z [1m[92m  Downloaded[0m safe_arch v0.7.4
2026-09-05T21:30:05.2094318Z [1m[92m  Downloaded[0m ron v0.10.1
2026-09-05T21:30:05.2181603Z [1m[92m  Downloaded[0m rustls-webpki v0.103.15
2026-09-05T21:30:05.2210126Z [1m[92m  Downloaded[0m toml_writer v1.1.2+spec-1.1.0
2026-09-05T21:30:05.2224204Z [1m[92m  Downloaded[0m reqwest v0.12.28
2026-09-05T21:30:05.2275200Z [1m[92m  Downloaded[0m rustls v0.23.43
2026-09-05T21:30:05.2382114Z [1m[92m  Downloaded[0m semver v1.0.28
2026-09-05T21:30:05.2403211Z [1m[92m  Downloaded[0m crossbeam-epoch v0.9.21
2026-09-05T21:30:05.2426717Z [1m[92m  Downloaded[0m scopeguard v1.2.0
2026-09-05T21:30:05.2438870Z [1m[92m  Downloaded[0m crypto-common v0.1.7
2026-09-05T21:30:05.2447839Z [1m[92m  Downloaded[0m ring v0.17.14
2026-09-05T21:30:05.2860435Z [1m[92m  Downloaded[0m sanitize-filename v0.6.0
2026-09-05T21:30:05.2868118Z [1m[92m  Downloaded[0m serde_repr v0.1.21
2026-09-05T21:30:05.2886587Z [1m[92m  Downloaded[0m slab v0.4.12
2026-09-05T21:30:05.2899197Z [1m[92m  Downloaded[0m slug v0.1.6
2026-09-05T21:30:05.2908493Z [1m[92m  Downloaded[0m smol_str v0.2.2
2026-09-05T21:30:05.2921277Z [1m[92m  Downloaded[0m static_assertions v1.1.0
2026-09-05T21:30:05.2934462Z [1m[92m  Downloaded[0m strum v0.26.3
2026-09-05T21:30:05.2943996Z [1m[92m  Downloaded[0m tiny-keccak v2.0.2
2026-09-05T21:30:05.2968063Z [1m[92m  Downloaded[0m tinystr v0.8.4
2026-09-05T21:30:05.2989326Z [1m[92m  Downloaded[0m cubek-reduce v0.1.1
2026-09-05T21:30:05.3030833Z [1m[92m  Downloaded[0m derive_builder v0.11.2
2026-09-05T21:30:05.3078903Z [1m[92m  Downloaded[0m rustc-hash v2.1.3
2026-09-05T21:30:05.3090447Z [1m[92m  Downloaded[0m serde_bytes v0.11.19
2026-09-05T21:30:05.3106068Z [1m[92m  Downloaded[0m thiserror v1.0.69
2026-09-05T21:30:05.3163691Z [1m[92m  Downloaded[0m cubecl-ir v0.9.0
2026-09-05T21:30:05.3190411Z [1m[92m  Downloaded[0m sync_wrapper v1.0.2
2026-09-05T21:30:05.3201428Z [1m[92m  Downloaded[0m tinyvec_macros v0.1.1
2026-09-05T21:30:05.3211629Z [1m[92m  Downloaded[0m cubek-matmul v0.1.1
2026-09-05T21:30:05.3407783Z [1m[92m  Downloaded[0m smallvec v1.16.0
2026-09-05T21:30:05.3418920Z [1m[92m  Downloaded[0m subtle v2.6.1
2026-09-05T21:30:05.3428883Z [1m[92m  Downloaded[0m thiserror v2.0.20
2026-09-05T21:30:05.3483463Z [1m[92m  Downloaded[0m tiny-skia v0.11.4
2026-09-05T21:30:05.3593630Z [1m[92m  Downloaded[0m byteorder v1.5.0
2026-09-05T21:30:05.3606794Z [1m[92m  Downloaded[0m calloop-wayland-source v0.4.1
2026-09-05T21:30:05.3616711Z [1m[92m  Downloaded[0m calloop v0.14.4
2026-09-05T21:30:05.3646266Z [1m[92m  Downloaded[0m calloop-wayland-source v0.3.0
2026-09-05T21:30:05.3656302Z [1m[92m  Downloaded[0m bytemuck v1.25.2
2026-09-05T21:30:05.3682975Z [1m[92m  Downloaded[0m convert_case v0.8.0
2026-09-05T21:30:05.3695269Z [1m[92m  Downloaded[0m serde_spanned v1.1.1
2026-09-05T21:30:05.3705158Z [1m[92m  Downloaded[0m serde_urlencoded v0.7.1
2026-09-05T21:30:05.3718795Z [1m[92m  Downloaded[0m strsim v0.10.0
2026-09-05T21:30:05.3730213Z [1m[92m  Downloaded[0m burn-std v0.20.1
2026-09-05T21:30:05.3747045Z [1m[92m  Downloaded[0m cursor-icon v1.2.0
2026-09-05T21:30:05.3757867Z [1m[92m  Downloaded[0m downcast-rs v1.2.1
2026-09-05T21:30:05.3768056Z [1m[92m  Downloaded[0m const-random-macro v0.1.16
2026-09-05T21:30:05.3774542Z [1m[92m  Downloaded[0m cubecl-hip v0.9.0
2026-09-05T21:30:05.3791584Z [1m[92m  Downloaded[0m strict-num v0.1.1
2026-09-05T21:30:05.3799791Z [1m[92m  Downloaded[0m strsim v0.11.1
2026-09-05T21:30:05.3810429Z [1m[92m  Downloaded[0m tower-layer v0.3.3
2026-09-05T21:30:05.3818742Z [1m[92m  Downloaded[0m burn-store v0.20.1
2026-09-05T21:30:05.3888445Z [1m[92m  Downloaded[0m burn-tensor v0.20.1
2026-09-05T21:30:05.3924932Z [1m[92m  Downloaded[0m burn-wgpu v0.20.1
2026-09-05T21:30:05.3934847Z [1m[92m  Downloaded[0m cexpr v0.6.0
2026-09-05T21:30:05.3949925Z [1m[92m  Downloaded[0m const-random v0.1.18
2026-09-05T21:30:05.3958927Z [1m[92m  Downloaded[0m convert_case v0.10.0
2026-09-05T21:30:05.3972517Z [1m[92m  Downloaded[0m crunchy v0.2.4
2026-09-05T21:30:05.3979167Z [1m[92m  Downloaded[0m darling v0.14.4
2026-09-05T21:30:05.4006111Z [1m[92m  Downloaded[0m data-encoding v2.11.1
2026-09-05T21:30:05.4014347Z [1m[92m  Downloaded[0m dirs v6.0.0
2026-09-05T21:30:05.4024652Z [1m[92m  Downloaded[0m safetensors v0.7.0
2026-09-05T21:30:05.4035016Z [1m[92m  Downloaded[0m shlex v1.3.0
2026-09-05T21:30:05.4045344Z [1m[92m  Downloaded[0m cpufeatures v0.2.17
2026-09-05T21:30:05.4056149Z [1m[92m  Downloaded[0m cpufeatures v0.3.1
2026-09-05T21:30:05.4068017Z [1m[92m  Downloaded[0m dpi v0.1.2
2026-09-05T21:30:05.4076332Z [1m[92m  Downloaded[0m calloop v0.13.0
2026-09-05T21:30:05.4103388Z [1m[92m  Downloaded[0m constcat v0.6.1
2026-09-05T21:30:05.4110091Z [1m[92m  Downloaded[0m thread_local v1.1.10
2026-09-05T21:30:05.4120603Z [1m[92m  Downloaded[0m nalgebra-macros v0.1.0
2026-09-05T21:30:05.4129028Z [1m[92m  Downloaded[0m rustc_version v0.4.1
2026-09-05T21:30:05.4139194Z [1m[92m  Downloaded[0m macerator-macros v0.1.5
2026-09-05T21:30:05.4145330Z [1m[92m  Downloaded[0m tower-service v0.3.3
2026-09-05T21:30:05.4151623Z [1m[92m  Downloaded[0m darling_macro v0.14.4
2026-09-05T21:30:05.4157383Z [1m[92m  Downloaded[0m derive-new v0.7.0
2026-09-05T21:30:05.4165165Z [1m[92m  Downloaded[0m derive_builder_macro v0.11.2
2026-09-05T21:30:05.4171639Z [1m[92m  Downloaded[0m digest v0.10.7
2026-09-05T21:30:05.4186071Z [1m[92m  Downloaded[0m scoped-tls v1.0.1
2026-09-05T21:30:05.4193977Z [1m[92m  Downloaded[0m seq-macro v0.3.6
2026-09-05T21:30:05.4209003Z [1m[92m  Downloaded[0m smithay-clipboard v0.7.3
2026-09-05T21:30:05.4222556Z [1m[92m  Downloaded[0m stable_deref_trait v1.2.1
2026-09-05T21:30:05.4229878Z [1m[92m  Downloaded[0m strum_macros v0.26.4
2026-09-05T21:30:05.4249066Z [1m[92m  Downloaded[0m text_placeholder v0.5.1
2026-09-05T21:30:05.4257978Z [1m[92m  Downloaded[0m thiserror-impl v1.0.69
2026-09-05T21:30:05.4268784Z [1m[92m  Downloaded[0m tracel-llvm v20.1.4-7
2026-09-05T21:30:05.4275712Z [1m[92m  Downloaded[0m option-ext v0.2.0
2026-09-05T21:30:05.4282636Z [1m[92m  Downloaded[0m percent-encoding v2.3.2
2026-09-05T21:30:05.4289837Z [1m[92m  Downloaded[0m shlex v2.0.1
2026-09-05T21:30:05.4300706Z [1m[92m  Downloaded[0m synstructure v0.13.2
2026-09-05T21:30:05.4309389Z [1m[92m  Downloaded[0m byteorder-lite v0.1.0
2026-09-05T21:30:05.4318531Z [1m[92m  Downloaded[0m ecolor v0.32.3
2026-09-05T21:30:05.4330927Z [1m[92m  Downloaded[0m nohash-hasher v0.2.0
2026-09-05T21:30:05.4338473Z [1m[92m  Downloaded[0m potential_utf v0.1.6
2026-09-05T21:30:05.4347853Z [1m[92m  Downloaded[0m profiling v1.0.18
2026-09-05T21:30:05.4357471Z [1m[92m  Downloaded[0m pollster v0.4.0
2026-09-05T21:30:05.4367916Z [1m[92m  Downloaded[0m proc-macro-crate v3.5.0
2026-09-05T21:30:05.4378985Z [1m[92m  Downloaded[0m pulp-wasm-simd-flag v0.1.1
2026-09-05T21:30:05.4384368Z [1m[92m  Downloaded[0m wayland-sys v0.31.11
2026-09-05T21:30:05.4394619Z [1m[92m  Downloaded[0m web-time v0.2.4
2026-09-05T21:30:05.4408048Z [1m[92m  Downloaded[0m bytemuck_derive v1.12.0
2026-09-05T21:30:05.4419207Z [1m[92m  Downloaded[0m cubecl-macros-internal v0.9.0
2026-09-05T21:30:05.4429498Z [1m[92m  Downloaded[0m darling_macro v0.20.11
2026-09-05T21:30:05.4435182Z [1m[92m  Downloaded[0m darling_macro v0.21.3
2026-09-05T21:30:05.4440843Z [1m[92m  Downloaded[0m dlib v0.5.3
2026-09-05T21:30:05.4448932Z [1m[92m  Downloaded[0m zerofrom v0.1.8
2026-09-05T21:30:05.4456549Z [1m[92m  Downloaded[0m zerofrom-derive v0.1.7
2026-09-05T21:30:05.4465368Z [1m[92m  Downloaded[0m utf8_iter v1.0.4
2026-09-05T21:30:05.4473639Z [1m[92m  Downloaded[0m rustc-hash v1.1.0
2026-09-05T21:30:05.4481018Z [1m[92m  Downloaded[0m signal-hook-registry v1.4.8
2026-09-05T21:30:05.4490620Z [1m[92m  Downloaded[0m simd-adler32 v0.3.10
2026-09-05T21:30:05.4505665Z [1m[92m  Downloaded[0m spirv v0.3.0+sdk-1.3.268.0
2026-09-05T21:30:05.4514361Z [1m[92m  Downloaded[0m termcolor v1.4.1
2026-09-05T21:30:05.4524551Z [1m[92m  Downloaded[0m tokio-rustls v0.26.5
2026-09-05T21:30:05.4538565Z [1m[92m  Downloaded[0m toml_datetime v1.1.1+spec-1.1.0
2026-09-05T21:30:05.4549134Z [1m[92m  Downloaded[0m tracel-llvm-bundler v20.1.4-7
2026-09-05T21:30:05.4561283Z [1m[92m  Downloaded[0m khronos-egl v6.0.0
2026-09-05T21:30:05.4576953Z [1m[92m  Downloaded[0m quick-error v2.0.1
2026-09-05T21:30:05.4587483Z [1m[92m  Downloaded[0m xattr v1.6.1
2026-09-05T21:30:05.4602979Z [1m[92m  Downloaded[0m zeroize v1.9.0
2026-09-05T21:30:05.4615369Z [1m[92m  Downloaded[0m sha2 v0.10.9
2026-09-05T21:30:05.4636365Z [1m[92m  Downloaded[0m spin v0.10.1
2026-09-05T21:30:05.4656338Z [1m[92m  Downloaded[0m textdistance v1.1.1
2026-09-05T21:30:05.4683950Z [1m[92m  Downloaded[0m thiserror-impl v2.0.20
2026-09-05T21:30:05.4695687Z [1m[92m  Downloaded[0m tiny-skia-path v0.11.4
2026-09-05T21:30:05.4710709Z [1m[92m  Downloaded[0m toml_datetime v0.7.5+spec-1.1.0
2026-09-05T21:30:05.4721086Z [1m[92m  Downloaded[0m tracel-mlir-rs-macros v20.1.4-7
2026-09-05T21:30:05.4751219Z [1m[92m  Downloaded[0m approx v0.5.1
2026-09-05T21:30:05.4765435Z [1m[92m  Downloaded[0m arrayref v0.3.9
2026-09-05T21:30:05.4775978Z [1m[92m  Downloaded[0m burn-rocm v0.20.1
2026-09-05T21:30:05.4784353Z [1m[92m  Downloaded[0m caseless v0.2.2
2026-09-05T21:30:05.4795117Z [1m[92m  Downloaded[0m cubecl-zspace v0.9.0
2026-09-05T21:30:05.4802759Z [1m[92m  Downloaded[0m document-features v0.2.12
2026-09-05T21:30:05.4812853Z [1m[92m  Downloaded[0m liblzma v0.4.8
2026-09-05T21:30:05.4829561Z [1m[92m  Downloaded[0m macerator v0.2.10
2026-09-05T21:30:05.4859967Z [1m[92m  Downloaded[0m num-integer v0.1.47
2026-09-05T21:30:05.4872927Z [1m[92m  Downloaded[0m ppv-lite86 v0.2.21
2026-09-05T21:30:05.4883365Z [1m[92m  Downloaded[0m serde_core v1.0.229
2026-09-05T21:30:05.4905583Z [1m[92m  Downloaded[0m serde_derive v1.0.229
2026-09-05T21:30:05.4930479Z [1m[92m  Downloaded[0m gemm-c64 v0.19.0
2026-09-05T21:30:05.4938017Z [1m[92m  Downloaded[0m parking v2.2.1
2026-09-05T21:30:05.4946654Z [1m[92m  Downloaded[0m sctk-adwaita v0.10.1
2026-09-05T21:30:05.4966447Z [1m[92m  Downloaded[0m simba v0.7.3
2026-09-05T21:30:05.4989819Z [1m[92m  Downloaded[0m stable-vec v0.4.3
2026-09-05T21:30:05.5008662Z [1m[92m  Downloaded[0m toml v0.9.12+spec-1.1.0
2026-09-05T21:30:05.5042206Z [1m[92m  Downloaded[0m toml_parser v1.1.3+spec-1.1.0
2026-09-05T21:30:05.5068486Z [1m[92m  Downloaded[0m foldhash v0.2.0
2026-09-05T21:30:05.5073672Z [1m[92m  Downloaded[0m socket2 v0.6.5
2026-09-05T21:30:05.5089261Z [1m[92m  Downloaded[0m tinyvec v1.13.2
2026-09-05T21:30:05.5118565Z [1m[92m  Downloaded[0m crossbeam-deque v0.8.8
2026-09-05T21:30:05.5131654Z [1m[92m  Downloaded[0m dyn-stack v0.13.2
2026-09-05T21:30:05.5144637Z [1m[92m  Downloaded[0m variadics_please v1.1.0
2026-09-05T21:30:05.5157763Z [1m[92m  Downloaded[0m cfg-if v1.0.4
2026-09-05T21:30:05.5169066Z [1m[92m  Downloaded[0m cfg_aliases v0.2.2
2026-09-05T21:30:05.5177902Z [1m[92m  Downloaded[0m futures-io v0.3.34
2026-09-05T21:30:05.5185652Z [1m[92m  Downloaded[0m async-lock v3.4.2
2026-09-05T21:30:05.5204306Z [1m[92m  Downloaded[0m proc-macro2 v1.0.107
2026-09-05T21:30:05.5228703Z [1m[92m  Downloaded[0m async-recursion v1.1.1
2026-09-05T21:30:05.5259979Z [1m[92m  Downloaded[0m zbus-lockstep-macros v0.5.2
2026-09-05T21:30:05.5266504Z [1m[92m  Downloaded[0m clang-sys v1.9.1
2026-09-05T21:30:05.5285762Z [1m[92m  Downloaded[0m cubecl-cuda v0.9.0
2026-09-05T21:30:05.5305043Z [1m[92m  Downloaded[0m cubek-quant v0.1.1
2026-09-05T21:30:05.5317172Z [1m[92m  Downloaded[0m tar v0.4.46
2026-09-05T21:30:05.5340857Z [1m[92m  Downloaded[0m derive_builder_core v0.11.2
2026-09-05T21:30:05.5357077Z [1m[92m  Downloaded[0m gpu-descriptor-types v0.2.0
2026-09-05T21:30:05.5362900Z [1m[92m  Downloaded[0m typed-arena v2.0.2
2026-09-05T21:30:05.5373228Z [1m[92m  Downloaded[0m sharded-slab v0.1.7
2026-09-05T21:30:05.5400371Z [1m[92m  Downloaded[0m uuid v1.26.0
2026-09-05T21:30:05.5424647Z [1m[92m  Downloaded[0m atomic-waker v1.1.2
2026-09-05T21:30:05.5434477Z [1m[92m  Downloaded[0m fixedbitset v0.4.2
2026-09-05T21:30:05.5444880Z [1m[92m  Downloaded[0m gemm-common v0.19.0
2026-09-05T21:30:05.5458192Z [1m[92m  Downloaded[0m dirs-sys v0.5.0
2026-09-05T21:30:05.5467221Z [1m[92m  Downloaded[0m dyn-stack-macros v0.1.3
2026-09-05T21:30:05.5474008Z [1m[92m  Downloaded[0m atomic_float v1.1.0
2026-09-05T21:30:05.5484925Z [1m[92m  Downloaded[0m bytes v1.12.1
2026-09-05T21:30:05.5513544Z [1m[92m  Downloaded[0m gpu-alloc-types v0.3.1
2026-09-05T21:30:05.5520116Z [1m[92m  Downloaded[0m gpu-descriptor v0.3.2
2026-09-05T21:30:05.5526579Z [1m[92m  Downloaded[0m idna_adapter v1.2.2
2026-09-05T21:30:05.5533979Z [1m[92m  Downloaded[0m concurrent-queue v2.5.0
2026-09-05T21:30:05.5547345Z [1m[92m  Downloaded[0m cubecl v0.9.0
2026-09-05T21:30:05.5558479Z [1m[92m  Downloaded[0m displaydoc v0.2.7
2026-09-05T21:30:05.5575314Z [1m[92m  Downloaded[0m generic-array v0.14.7
2026-09-05T21:30:05.5586561Z [1m[92m  Downloaded[0m miniz_oxide v0.8.9
2026-09-05T21:30:05.5606470Z [1m[92m  Downloaded[0m miniz_oxide v0.9.1
2026-09-05T21:30:05.5626681Z [1m[92m  Downloaded[0m accesskit_consumer v0.28.0
2026-09-05T21:30:05.5637801Z [1m[92m  Downloaded[0m arboard v3.6.1
2026-09-05T21:30:05.5659742Z [1m[92m  Downloaded[0m async-io v2.6.0
2026-09-05T21:30:05.5683502Z [1m[92m  Downloaded[0m crossbeam-utils v0.8.23
2026-09-05T21:30:05.5710401Z [1m[92m  Downloaded[0m moddef v0.3.0
2026-09-05T21:30:05.5723998Z [1m[92m  Downloaded[0m cubek v0.1.1
2026-09-05T21:30:05.5732266Z [1m[92m  Downloaded[0m prettyplease v0.2.37
2026-09-05T21:30:05.5761115Z [1m[92m  Downloaded[0m async-process v2.5.0
2026-09-05T21:30:05.5775279Z [1m[92m  Downloaded[0m cubecl-cpu v0.9.0
2026-09-05T21:30:05.5807277Z [1m[92m  Downloaded[0m enumset_derive v0.15.0
2026-09-05T21:30:05.5816321Z [1m[92m  Downloaded[0m toml_edit v0.25.13+spec-1.1.0
2026-09-05T21:30:05.5848656Z [1m[92m  Downloaded[0m owned_ttf_parser v0.25.1
2026-09-05T21:30:05.5856537Z [1m[92m  Downloaded[0m wayland-protocols-experimental v20250721.0.1
2026-09-05T21:30:05.5870141Z [1m[92m  Downloaded[0m async-signal v0.2.14
2026-09-05T21:30:05.5882050Z [1m[92m  Downloaded[0m atspi v0.25.0
2026-09-05T21:30:05.5890696Z [1m[92m  Downloaded[0m chacha20 v0.10.2
2026-09-05T21:30:05.5910366Z [1m[92m  Downloaded[0m colored v3.1.1
2026-09-05T21:30:05.5932801Z [1m[92m  Downloaded[0m crc32fast v1.5.1
2026-09-05T21:30:05.5949507Z [1m[92m  Downloaded[0m gemm-f64 v0.19.0
2026-09-05T21:30:05.5956903Z [1m[92m  Downloaded[0m sprs v0.11.5
2026-09-05T21:30:05.5997043Z [1m[92m  Downloaded[0m reborrow v0.5.5
2026-09-05T21:30:05.6003130Z [1m[92m  Downloaded[0m serde v1.0.229
2026-09-05T21:30:05.6031796Z [1m[92m  Downloaded[0m tracel-mlir-rs v20.1.4-7
2026-09-05T21:30:05.6125796Z [1m[92m  Downloaded[0m as-raw-xcb-connection v1.0.1
2026-09-05T21:30:05.6132103Z [1m[92m  Downloaded[0m cubecl-macros v0.9.0
2026-09-05T21:30:05.6160604Z [1m[92m  Downloaded[0m darling v0.20.11
2026-09-05T21:30:05.6201958Z [1m[92m  Downloaded[0m darling_core v0.20.11
2026-09-05T21:30:05.6244486Z [1m[92m  Downloaded[0m futures-lite v2.6.1
2026-09-05T21:30:05.6258239Z [1m[92m  Downloaded[0m gemm-f16 v0.19.0
2026-09-05T21:30:05.6266460Z [1m[92m  Downloaded[0m gemm-f32 v0.19.0
2026-09-05T21:30:05.6291798Z [1m[92m  Downloaded[0m xcursor v0.3.11
2026-09-05T21:30:05.6292399Z [1m[92m  Downloaded[0m ordered-stream v0.2.0
2026-09-05T21:30:05.6294605Z [1m[92m  Downloaded[0m tower v0.5.3
2026-09-05T21:30:05.6378690Z [1m[92m  Downloaded[0m cubecl-runtime v0.9.0
2026-09-05T21:30:05.6424765Z [1m[92m  Downloaded[0m web-time v1.1.0
2026-09-05T21:30:05.6439847Z [1m[92m  Downloaded[0m adler2 v2.0.1
2026-09-05T21:30:05.6449891Z [1m[92m  Downloaded[0m async-trait v0.1.92
2026-09-05T21:30:05.6480490Z [1m[92m  Downloaded[0m darling v0.21.3
2026-09-05T21:30:05.6524769Z [1m[92m  Downloaded[0m rustix v0.38.44
2026-09-05T21:30:05.6740742Z [1m[92m  Downloaded[0m smithay-client-toolkit v0.19.2
2026-09-05T21:30:05.6794378Z [1m[92m  Downloaded[0m syn v1.0.109
2026-09-05T21:30:05.6872465Z [1m[92m  Downloaded[0m tiff v0.11.3
2026-09-05T21:30:05.6907924Z [1m[92m  Downloaded[0m cubecl-std v0.9.0
2026-09-05T21:30:05.6948558Z [1m[92m  Downloaded[0m cubek-random v0.1.1
2026-09-05T21:30:05.6962824Z [1m[92m  Downloaded[0m home v0.5.12
2026-09-05T21:30:05.6970817Z [1m[92m  Downloaded[0m codespan-reporting v0.12.0
2026-09-05T21:30:05.7032283Z [1m[92m  Downloaded[0m darling_core v0.14.4
2026-09-05T21:30:05.7073059Z [1m[92m  Downloaded[0m once_cell v1.21.4
2026-09-05T21:30:05.7094080Z [1m[92m  Downloaded[0m ordered-float v4.6.0
2026-09-05T21:30:05.7106403Z [1m[92m  Downloaded[0m ordered-float v5.0.0
2026-09-05T21:30:05.7118469Z [1m[92m  Downloaded[0m writeable v0.6.4
2026-09-05T21:30:05.7135768Z [1m[92m  Downloaded[0m tracing-log v0.2.0
2026-09-05T21:30:05.7146894Z [1m[92m  Downloaded[0m type-map v0.5.1
2026-09-05T21:30:05.7154176Z [1m[92m  Downloaded[0m url v2.5.8
2026-09-05T21:30:05.7175803Z [1m[92m  Downloaded[0m async-channel v2.5.0
2026-09-05T21:30:05.7186291Z [1m[92m  Downloaded[0m burn-optim v0.20.1
2026-09-05T21:30:05.7215151Z [1m[92m  Downloaded[0m burn-router v0.20.1
2026-09-05T21:30:05.7237508Z [1m[92m  Downloaded[0m form_urlencoded v1.2.2
2026-09-05T21:30:05.7244749Z [1m[92m  Downloaded[0m paste v1.0.15
2026-09-05T21:30:05.7271328Z [1m[92m  Downloaded[0m rawpointer v0.2.1
2026-09-05T21:30:05.7278441Z [1m[92m  Downloaded[0m tracel-tblgen-rs v20.1.4-7
2026-09-05T21:30:05.7299668Z [1m[92m  Downloaded[0m addr2line v0.25.1
2026-09-05T21:30:05.7314596Z [1m[92m  Downloaded[0m ahash v0.8.12
2026-09-05T21:30:05.7334085Z [1m[92m  Downloaded[0m arrayvec v0.7.8
2026-09-05T21:30:05.7351317Z [1m[92m  Downloaded[0m cc v1.4.5
2026-09-05T21:30:05.7376537Z [1m[92m  Downloaded[0m cubecl-common v0.9.0
2026-09-05T21:30:05.7404347Z [1m[92m  Downloaded[0m cubecl-cpp v0.9.0
2026-09-05T21:30:05.7441341Z [1m[92m  Downloaded[0m cubecl-wgpu v0.9.0
2026-09-05T21:30:05.7470935Z [1m[92m  Downloaded[0m cubek-attention v0.1.1
2026-09-05T21:30:05.7529572Z [1m[92m  Downloaded[0m cubek-convolution v0.1.1
2026-09-05T21:30:05.7584272Z [1m[92m  Downloaded[0m darling_core v0.21.3
2026-09-05T21:30:05.7630102Z [1m[92m  Downloaded[0m derive_more v2.1.1
2026-09-05T21:30:05.7739359Z [1m[92m  Downloaded[0m futures-macro v0.3.34
2026-09-05T21:30:05.7748160Z [1m[92m  Downloaded[0m glob v0.3.4
2026-09-05T21:30:05.7760708Z [1m[92m  Downloaded[0m half v2.7.1
2026-09-05T21:30:05.7782829Z [1m[92m  Downloaded[0m iana-time-zone v0.1.65
2026-09-05T21:30:05.7805915Z [1m[92m  Downloaded[0m ipnet v2.12.1
2026-09-05T21:30:05.7819674Z [1m[92m  Downloaded[0m memoffset v0.9.1
2026-09-05T21:30:05.7829836Z [1m[92m  Downloaded[0m num_cpus v1.17.0
2026-09-05T21:30:05.7855912Z [1m[92m  Downloaded[0m ort-sys v2.0.0-rc.12
2026-09-05T21:30:05.7878609Z [1m[92m  Downloaded[0m parking_lot v0.12.5
2026-09-05T21:30:05.7899050Z [1m[92m  Downloaded[0m parking_lot_core v0.9.12
2026-09-05T21:30:05.7915857Z [1m[92m  Downloaded[0m piper v0.2.5
2026-09-05T21:30:05.7929034Z [1m[92m  Downloaded[0m pulp v0.22.3
2026-09-05T21:30:05.7969813Z [1m[92m  Downloaded[0m raw-window-handle v0.6.2
2026-09-05T21:30:05.7984596Z [1m[92m  Downloaded[0m x11-dl v2.21.0
2026-09-05T21:30:05.8010984Z [1m[92m  Downloaded[0m zbus-lockstep v0.5.2
2026-09-05T21:30:05.8019104Z [1m[92m  Downloaded[0m zcheapstr v1.1.0
2026-09-05T21:30:05.8032849Z [1m[92m  Downloaded[0m zerocopy-derive v0.8.56
2026-09-05T21:30:05.8138434Z [1m[92m  Downloaded[0m smithay-client-toolkit v0.20.0
2026-09-05T21:30:05.8166085Z [1m[92m  Downloaded[0m tokio-util v0.7.19
2026-09-05T21:30:05.8230765Z [1m[92m  Downloaded[0m tower-http v0.6.11
2026-09-05T21:30:05.8306412Z [1m[92m  Downloaded[0m tracing-attributes v0.1.31
2026-09-05T21:30:05.8327683Z [1m[92m  Downloaded[0m tracing-core v0.1.36
2026-09-05T21:30:05.8349233Z [1m[92m  Downloaded[0m try-lock v0.2.5
2026-09-05T21:30:05.8356388Z [1m[92m  Downloaded[0m unicode_categories v0.1.1
2026-09-05T21:30:05.8370279Z [1m[92m  Downloaded[0m unindent v0.2.4
2026-09-05T21:30:05.8376979Z [1m[92m  Downloaded[0m untrusted v0.9.0
2026-09-05T21:30:05.8390193Z [1m[92m  Downloaded[0m unty v0.0.4
2026-09-05T21:30:05.8397969Z [1m[92m  Downloaded[0m version_check v0.9.5
2026-09-05T21:30:05.8408600Z [1m[92m  Downloaded[0m want v0.3.1
2026-09-05T21:30:05.8415352Z [1m[92m  Downloaded[0m amd v0.2.2
2026-09-05T21:30:05.8430116Z [1m[92m  Downloaded[0m anyhow v1.0.104
2026-09-05T21:30:05.8462505Z [1m[92m  Downloaded[0m async-broadcast v0.7.2
2026-09-05T21:30:05.8475832Z [1m[92m  Downloaded[0m async-task v4.7.1
2026-09-05T21:30:05.8495923Z [1m[92m  Downloaded[0m atspi-connection v0.9.0
2026-09-05T21:30:05.8503650Z [1m[92m  Downloaded[0m block-buffer v0.10.4
2026-09-05T21:30:05.8511921Z [1m[92m  Downloaded[0m burn-derive v0.20.1
2026-09-05T21:30:05.8532631Z [1m[92m  Downloaded[0m burn-ndarray v0.20.1
2026-09-05T21:30:05.8566422Z [1m[92m  Downloaded[0m cubecl-opt v0.9.0
2026-09-05T21:30:05.8590942Z [1m[92m  Downloaded[0m enumflags2 v0.7.12
2026-09-05T21:30:05.8601812Z [1m[92m  Downloaded[0m event-listener v5.4.2
2026-09-05T21:30:05.8615995Z [1m[92m  Downloaded[0m fastrand v2.5.0
2026-09-05T21:30:05.8626817Z [1m[92m  Downloaded[0m fax v0.2.7
2026-09-05T21:30:05.8642779Z [1m[92m  Downloaded[0m filetime v0.2.29
2026-09-05T21:30:05.8655855Z [1m[92m  Downloaded[0m flate2 v1.1.10
2026-09-05T21:30:05.8694964Z [1m[92m  Downloaded[0m float8 v0.4.2
2026-09-05T21:30:05.8708480Z [1m[92m  Downloaded[0m futures-core v0.3.34
2026-09-05T21:30:05.8719127Z [1m[92m  Downloaded[0m gethostname v1.1.0
2026-09-05T21:30:05.8727168Z [1m[92m  Downloaded[0m hashbrown v0.13.2
2026-09-05T21:30:05.8758870Z [1m[92m  Downloaded[0m hexf-parse v0.2.1
2026-09-05T21:30:05.8764067Z [1m[92m  Downloaded[0m indexmap v2.14.2
2026-09-05T21:30:05.8799426Z [1m[92m  Downloaded[0m itertools v0.14.0
2026-09-05T21:30:05.8855246Z [1m[92m  Downloaded[0m itoa v1.0.18
2026-09-05T21:30:05.8866702Z [1m[92m  Downloaded[0m litrs v1.0.0
2026-09-05T21:30:05.8890566Z [1m[92m  Downloaded[0m lock_api v0.4.14
2026-09-05T21:30:05.8900868Z [1m[92m  Downloaded[0m mio v1.2.3
2026-09-05T21:30:05.8950552Z [1m[92m  Downloaded[0m ort v2.0.0-rc.12
2026-09-05T21:30:05.9008522Z [1m[92m  Downloaded[0m pin-project-lite v0.2.17
2026-09-05T21:30:05.9056034Z [1m[92m  Downloaded[0m wgpu-types v25.0.0
2026-09-05T21:30:05.9073734Z [1m[92m  Downloaded[0m wgpu-types v26.0.0
2026-09-05T21:30:05.9092888Z [1m[92m  Downloaded[0m zbus_macros v5.19.0
2026-09-05T21:30:05.9105457Z [1m[92m  Downloaded[0m zbus_xml v5.2.1
2026-09-05T21:30:05.9126482Z [1m[92m  Downloaded[0m zerotrie v0.2.5
2026-09-05T21:30:05.9158338Z [1m[92m  Downloaded[0m serde_json v1.0.151
2026-09-05T21:30:05.9217376Z [1m[92m  Downloaded[0m sysinfo v0.36.1
2026-09-05T21:30:05.9305394Z [1m[92m  Downloaded[0m walkdir v2.5.0
2026-09-05T21:30:05.9319913Z [1m[92m  Downloaded[0m accesskit_unix v0.15.0
2026-09-05T21:30:05.9336450Z [1m[92m  Downloaded[0m allocator-api2 v0.2.21
2026-09-05T21:30:05.9357076Z [1m[92m  Downloaded[0m approx v0.3.2
2026-09-05T21:30:05.9369717Z [1m[92m  Downloaded[0m async-executor v1.14.0
2026-09-05T21:30:05.9384894Z [1m[92m  Downloaded[0m atspi-proxies v0.9.0
2026-09-05T21:30:05.9402331Z [1m[92m  Downloaded[0m bit-set v0.8.0
2026-09-05T21:30:05.9412909Z [1m[92m  Downloaded[0m burn-cuda v0.20.1
2026-09-05T21:30:05.9421428Z [1m[92m  Downloaded[0m burn-nn v0.20.1
2026-09-05T21:30:05.9475422Z [1m[92m  Downloaded[0m derive_more-impl v2.1.1
2026-09-05T21:30:05.9518894Z [1m[92m  Downloaded[0m enum_dispatch v0.3.13
2026-09-05T21:30:05.9543535Z [1m[92m  Downloaded[0m errno v0.3.14
2026-09-05T21:30:05.9555777Z [1m[92m  Downloaded[0m event-listener-strategy v0.5.4
2026-09-05T21:30:05.9564671Z [1m[92m  Downloaded[0m fnv v1.0.7
2026-09-05T21:30:05.9571742Z [1m[92m  Downloaded[0m foldhash v0.1.5
2026-09-05T21:30:05.9581580Z [1m[92m  Downloaded[0m futures-sink v0.3.34
2026-09-05T21:30:05.9588460Z [1m[92m  Downloaded[0m gl_generator v0.14.0
2026-09-05T21:30:05.9601559Z [1m[92m  Downloaded[0m hashbrown v0.16.1
2026-09-05T21:30:05.9642615Z [1m[92m  Downloaded[0m http-body v1.1.0
2026-09-05T21:30:05.9650896Z [1m[92m  Downloaded[0m icu_provider v2.3.1
2026-09-05T21:30:05.9672559Z [1m[92m  Downloaded[0m idna v1.1.0
2026-09-05T21:30:05.9700931Z [1m[92m  Downloaded[0m jobserver v0.1.35
2026-09-05T21:30:05.9715908Z [1m[92m  Downloaded[0m lazy_static v1.5.0
2026-09-05T21:30:05.9730413Z [1m[92m  Downloaded[0m portable-atomic v1.15.0
2026-09-05T21:30:05.9789929Z [1m[92m  Downloaded[0m rand_distr v0.5.1
2026-09-05T21:30:05.9818336Z [1m[92m  Downloaded[0m wayland-scanner v0.31.11
2026-09-05T21:30:05.9834575Z [1m[92m  Downloaded[0m typed-path v0.12.3
2026-09-05T21:30:05.9889329Z [1m[92m  Downloaded[0m alga v0.9.3
2026-09-05T21:30:05.9909519Z [1m[92m  Downloaded[0m blocking v1.7.0
2026-09-05T21:30:05.9919285Z [1m[92m  Downloaded[0m eframe v0.32.3
2026-09-05T21:30:05.9953449Z [1m[92m  Downloaded[0m epaint v0.32.3
2026-09-05T21:30:05.9987803Z [1m[92m  Downloaded[0m fdeflate v0.3.7
2026-09-05T21:30:06.0000774Z [1m[92m  Downloaded[0m float8 v0.6.1
2026-09-05T21:30:06.0014598Z [1m[92m  Downloaded[0m h2 v0.4.19
2026-09-05T21:30:06.0066383Z [1m[92m  Downloaded[0m hashbrown v0.15.5
2026-09-05T21:30:06.0105881Z [1m[92m  Downloaded[0m heck v0.5.0
2026-09-05T21:30:06.0116340Z [1m[92m  Downloaded[0m icu_locale_core v2.3.0
2026-09-05T21:30:06.0172761Z [1m[92m  Downloaded[0m zvariant_derive v5.15.0
2026-09-05T21:30:06.0181876Z [1m[92m  Downloaded[0m libloading v0.8.9
2026-09-05T21:30:06.0200756Z [1m[92m  Downloaded[0m pkg-config v0.3.34
2026-09-05T21:30:06.0212970Z [1m[92m  Downloaded[0m rand_pcg v0.10.2
2026-09-05T21:30:06.0224633Z [1m[92m  Downloaded[0m unicode-xid v0.2.6
2026-09-05T21:30:06.0235212Z [1m[92m  Downloaded[0m moxcms v0.8.1
2026-09-05T21:30:06.0317112Z [1m[92m  Downloaded[0m ndarray v0.17.2
2026-09-05T21:30:06.0391531Z [1m[92m  Downloaded[0m regex v1.13.1
2026-09-05T21:30:06.0434931Z [1m[92m  Downloaded[0m http-body-util v0.1.5
2026-09-05T21:30:06.0450910Z [1m[92m  Downloaded[0m icu_collections v2.3.0
2026-09-05T21:30:06.0500775Z [1m[92m  Downloaded[0m minimal-lexical v0.2.1
2026-09-05T21:30:06.0537698Z [1m[92m  Downloaded[0m wasm-bindgen-futures v0.4.78
2026-09-05T21:30:06.0544861Z [1m[92m  Downloaded[0m atspi-common v0.9.0
2026-09-05T21:30:06.0583293Z [1m[92m  Downloaded[0m wide v0.7.33
2026-09-05T21:30:06.0621600Z [1m[92m  Downloaded[0m ident_case v1.0.1
2026-09-05T21:30:06.0628485Z [1m[92m  Downloaded[0m zbus_names v4.3.4
2026-09-05T21:30:06.0640968Z [1m[92m  Downloaded[0m wasm-bindgen-macro v0.2.128
2026-09-05T21:30:06.0647938Z [1m[92m  Downloaded[0m bitflags v2.13.1
2026-09-05T21:30:06.0684645Z [1m[92m  Downloaded[0m burn v0.20.1
2026-09-05T21:30:06.0699471Z [1m[92m  Downloaded[0m burn-backend v0.20.1
2026-09-05T21:30:06.0737274Z [1m[92m  Downloaded[0m burn-cpu v0.20.1
2026-09-05T21:30:06.0745527Z [1m[92m  Downloaded[0m cubecl-core v0.9.0
2026-09-05T21:30:06.0826352Z [1m[92m  Downloaded[0m float-ord v0.3.2
2026-09-05T21:30:06.0834076Z [1m[92m  Downloaded[0m futures-channel v0.3.34
2026-09-05T21:30:06.0849177Z [1m[92m  Downloaded[0m httparse v1.10.1
2026-09-05T21:30:06.0869152Z [1m[92m  Downloaded[0m icu_normalizer_data v2.3.0
2026-09-05T21:30:06.0886032Z [1m[92m  Downloaded[0m quinn v0.11.11
2026-09-05T21:30:06.0912341Z [1m[92m  Downloaded[0m rand v0.9.5
2026-09-05T21:30:06.0942812Z [1m[92m  Downloaded[0m raw-cpuid v11.6.0
2026-09-05T21:30:06.0970231Z [1m[92m  Downloaded[0m winnow v0.7.15
2026-09-05T21:30:06.1047040Z [1m[92m  Downloaded[0m winnow v1.0.4
2026-09-05T21:30:06.1124536Z [1m[92m  Downloaded[0m yoke v0.8.3
2026-09-05T21:30:06.1139041Z [1m[92m  Downloaded[0m tracel-mlir-sys v20.1.4-7
2026-09-05T21:30:06.1163470Z [1m[92m  Downloaded[0m typenum v1.20.1
2026-09-05T21:30:06.1191678Z [1m[92m  Downloaded[0m unicode-normalization v0.1.25
2026-09-05T21:30:06.1219499Z [1m[92m  Downloaded[0m wayland-csd-frame v0.3.0
2026-09-05T21:30:06.1227240Z [1m[92m  Downloaded[0m bit-vec v0.8.0
2026-09-05T21:30:06.1240115Z [1m[92m  Downloaded[0m bumpalo v3.20.3
2026-09-05T21:30:06.1261469Z [1m[92m  Downloaded[0m burn-candle v0.20.1
2026-09-05T21:30:06.1278637Z [1m[92m  Downloaded[0m egui-winit v0.32.3
2026-09-05T21:30:06.1291156Z [1m[92m  Downloaded[0m futures-task v0.3.34
2026-09-05T21:30:06.1300779Z [1m[92m  Downloaded[0m glutin-winit v0.5.0
2026-09-05T21:30:06.1308465Z [1m[92m  Downloaded[0m hex v0.4.3
2026-09-05T21:30:06.1321097Z [1m[92m  Downloaded[0m http v1.5.0
2026-09-05T21:30:06.1350790Z [1m[92m  Downloaded[0m libloading v0.9.0
2026-09-05T21:30:06.1370235Z [1m[92m  Downloaded[0m xkbcommon-dl v0.4.2
2026-09-05T21:30:06.1379414Z [1m[92m  Downloaded[0m xml-rs v0.8.29
2026-09-05T21:30:06.1402647Z [1m[92m  Downloaded[0m yoke-derive v0.8.2
2026-09-05T21:30:06.1411864Z [1m[92m  Downloaded[0m syn v2.0.119
2026-09-05T21:30:06.1497057Z [1m[92m  Downloaded[0m syn v3.0.5
2026-09-05T21:30:06.1582544Z [1m[92m  Downloaded[0m unicode-ident v1.0.24
2026-09-05T21:30:06.1604583Z [1m[92m  Downloaded[0m unicode-segmentation v1.13.3
2026-09-05T21:30:06.1627927Z [1m[92m  Downloaded[0m wayland-backend v0.3.17
2026-09-05T21:30:06.1660149Z [1m[92m  Downloaded[0m itertools v0.11.0
2026-09-05T21:30:06.1712322Z [1m[92m  Downloaded[0m lru-slab v0.1.2
2026-09-05T21:30:06.1718995Z [1m[92m  Downloaded[0m num v0.4.3
2026-09-05T21:30:06.1726592Z [1m[92m  Downloaded[0m renderdoc-sys v1.1.0
2026-09-05T21:30:06.1734180Z [1m[92m  Downloaded[0m wasm-bindgen v0.2.128
2026-09-05T21:30:06.1755887Z [1m[92m  Downloaded[0m egui-wgpu v0.32.3
2026-09-05T21:30:06.1770198Z [1m[92m  Downloaded[0m endi v1.1.1
2026-09-05T21:30:06.1779060Z [1m[92m  Downloaded[0m md5 v0.8.1
2026-09-05T21:30:06.1787412Z [1m[92m  Downloaded[0m webbrowser v1.2.4
2026-09-05T21:30:06.1818834Z [1m[92m  Downloaded[0m burn-fusion v0.20.1
2026-09-05T21:30:06.1855654Z [1m[92m  Downloaded[0m comrak v0.39.1
2026-09-05T21:30:06.1928404Z [1m[92m  Downloaded[0m deunicode v1.6.2
2026-09-05T21:30:06.1949083Z [1m[92m  Downloaded[0m wayland-protocols-wlr v0.3.12
2026-09-05T21:30:06.1966121Z [1m[92m  Downloaded[0m burn-autodiff v0.20.1
2026-09-05T21:30:06.1994512Z [1m[92m  Downloaded[0m clarabel v0.9.0
2026-09-05T21:30:06.2112748Z [1m[92m  Downloaded[0m ttf-parser v0.25.1
2026-09-05T21:30:06.2189038Z [1m[92m  Downloaded[0m enumn v0.1.14
2026-09-05T21:30:06.2198137Z [1m[92m  Downloaded[0m hyper-rustls v0.27.9
2026-09-05T21:30:06.2209446Z [1m[92m  Downloaded[0m memmap2 v0.9.11
2026-09-05T21:30:06.2223181Z [1m[92m  Downloaded[0m num-complex v0.2.4
2026-09-05T21:30:06.2233829Z [1m[92m  Downloaded[0m quinn-udp v0.5.15
2026-09-05T21:30:06.2247973Z [1m[92m  Downloaded[0m quote v1.0.47
2026-09-05T21:30:06.2270295Z [1m[92m  Downloaded[0m wasm-bindgen-shared v0.2.128
2026-09-05T21:30:06.2278913Z [1m[92m  Downloaded[0m num-iter v0.1.46
2026-09-05T21:30:06.2286810Z [1m[92m  Downloaded[0m aho-corasick v1.1.5
2026-09-05T21:30:06.2329068Z [1m[92m  Downloaded[0m embassy-futures v0.1.2
2026-09-05T21:30:06.2337503Z [1m[92m  Downloaded[0m glutin_glx_sys v0.6.1
2026-09-05T21:30:06.2343791Z [1m[92m  Downloaded[0m rand_chacha v0.3.1
2026-09-05T21:30:06.2352772Z [1m[92m  Downloaded[0m wayland-cursor v0.31.14
2026-09-05T21:30:06.2359687Z [1m[92m  Downloaded[0m wayland-protocols-misc v0.3.12
2026-09-05T21:30:06.2369702Z [1m[92m  Downloaded[0m either v1.18.0
2026-09-05T21:30:06.2381367Z [1m[92m  Downloaded[0m equivalent v1.0.2
2026-09-05T21:30:06.2389284Z [1m[92m  Downloaded[0m litemap v0.8.3
2026-09-05T21:30:06.2409430Z [1m[92m  Downloaded[0m polling v3.11.0
2026-09-05T21:30:06.2433410Z [1m[92m  Downloaded[0m rand_chacha v0.9.0
2026-09-05T21:30:06.2442953Z [1m[92m  Downloaded[0m zmij v1.0.23
2026-09-05T21:30:06.2457000Z [1m[92m  Downloaded[0m zune-core v0.5.3
2026-09-05T21:30:06.2475060Z [1m[92m  Downloaded[0m wayland-protocols v0.32.13
2026-09-05T21:30:06.2542944Z [1m[92m  Downloaded[0m autocfg v1.5.1
2026-09-05T21:30:06.2557770Z [1m[92m  Downloaded[0m burn-cubecl v0.20.1
2026-09-05T21:30:06.2631613Z [1m[92m  Downloaded[0m enumflags2_derive v0.7.12
2026-09-05T21:30:06.2638148Z [1m[92m  Downloaded[0m float4 v0.1.0
2026-09-05T21:30:06.2647837Z [1m[92m  Downloaded[0m image v0.25.10
2026-09-05T21:30:06.2722682Z [1m[92m  Downloaded[0m nom v7.1.3
2026-09-05T21:30:06.2763537Z [1m[92m  Downloaded[0m num-traits v0.2.19
2026-09-05T21:30:06.2785042Z [1m[92m  Downloaded[0m quick-xml v0.41.0
2026-09-05T21:30:06.2832566Z [1m[92m  Downloaded[0m rand v0.8.8
2026-09-05T21:30:06.2859824Z [1m[92m  Downloaded[0m weezl v0.1.12
2026-09-05T21:30:06.2879559Z [1m[92m  Downloaded[0m zerovec v0.11.8
2026-09-05T21:30:06.2928358Z [1m[92m  Downloaded[0m zune-jpeg v0.5.15
2026-09-05T21:30:06.2956948Z [1m[92m  Downloaded[0m zvariant v5.15.0
2026-09-05T21:30:06.3014737Z [1m[92m  Downloaded[0m wayland-protocols-plasma v0.3.12
2026-09-05T21:30:06.3052031Z [1m[92m  Downloaded[0m accesskit_atspi_common v0.12.0
2026-09-05T21:30:06.3064824Z [1m[92m  Downloaded[0m accesskit_winit v0.27.0
2026-09-05T21:30:06.3078588Z [1m[92m  Downloaded[0m enumset v1.1.14
2026-09-05T21:30:06.3092087Z [1m[92m  Downloaded[0m find-msvc-tools v0.1.12
2026-09-05T21:30:06.3104920Z [1m[92m  Downloaded[0m gemm v0.19.0
2026-09-05T21:30:06.3116069Z [1m[92m  Downloaded[0m gemm-c32 v0.19.0
2026-09-05T21:30:06.3123571Z [1m[92m  Downloaded[0m getrandom v0.3.4
2026-09-05T21:30:06.3151324Z [1m[92m  Downloaded[0m gpu-alloc v0.6.2
2026-09-05T21:30:06.3162807Z [1m[92m  Downloaded[0m itertools v0.13.0
2026-09-05T21:30:06.3219546Z [1m[92m  Downloaded[0m js-sys v0.3.105
2026-09-05T21:30:06.3244329Z [1m[92m  Downloaded[0m log v0.4.34
2026-09-05T21:30:06.3264786Z [1m[92m  Downloaded[0m num-bigint v0.4.8
2026-09-05T21:30:06.3304058Z [1m[92m  Downloaded[0m num-complex v0.4.6
2026-09-05T21:30:06.3315891Z [1m[92m  Downloaded[0m num-rational v0.4.2
2026-09-05T21:30:06.3325541Z [1m[92m  Downloaded[0m object v0.37.3
2026-09-05T21:30:06.3413880Z [1m[92m  Downloaded[0m rand_core v0.6.4
2026-09-05T21:30:06.3424563Z [1m[92m  Downloaded[0m rayon-core v1.13.0
2026-09-05T21:30:06.3454951Z [1m[92m  Downloaded[0m wgpu-core-deps-windows-linux-android v26.0.0
2026-09-05T21:30:06.3460872Z [1m[92m  Downloaded[0m xkeysym v0.2.1
2026-09-05T21:30:06.3482962Z [1m[92m  Downloaded[0m zerovec-derive v0.11.6
2026-09-05T21:30:06.3496749Z [1m[92m  Downloaded[0m zvariant_utils v4.2.0
2026-09-05T21:30:06.3512392Z [1m[92m  Downloaded[0m rustix v1.1.4
2026-09-05T21:30:06.3735568Z [1m[92m  Downloaded[0m ab_glyph_rasterizer v0.1.10
2026-09-05T21:30:06.3744633Z [1m[92m  Downloaded[0m chrono v0.4.45
2026-09-05T21:30:06.3798608Z [1m[92m  Downloaded[0m egui_glow v0.32.3
2026-09-05T21:30:06.3813556Z [1m[92m  Downloaded[0m entities v1.0.1
2026-09-05T21:30:06.3822746Z [1m[92m  Downloaded[0m getrandom v0.2.17
2026-09-05T21:30:06.3846786Z [1m[92m  Downloaded[0m nu-ansi-term v0.50.3
2026-09-05T21:30:06.3865974Z [1m[92m  Downloaded[0m rand_core v0.9.5
2026-09-05T21:30:06.3876499Z [1m[92m  Downloaded[0m rand_core v0.10.1
2026-09-05T21:30:06.3889679Z [1m[92m  Downloaded[0m wgpu-core-deps-windows-linux-android v25.0.0
2026-09-05T21:30:06.3895434Z [1m[92m  Downloaded[0m tracing-subscriber v0.3.23
2026-09-05T21:30:06.3963664Z [1m[92m  Downloaded[0m wayland-client v0.31.15
2026-09-05T21:30:06.3979770Z [1m[92m  Downloaded[0m accesskit v0.19.0
2026-09-05T21:30:06.3990067Z [1m[92m  Downloaded[0m base64 v0.22.1
2026-09-05T21:30:06.4020844Z [1m[92m  Downloaded[0m burn-core v0.20.1
2026-09-05T21:30:06.4061148Z [1m[92m  Downloaded[0m burn-cubecl-fusion v0.20.1
2026-09-05T21:30:06.4097185Z [1m[92m  Downloaded[0m burn-ir v0.20.1
2026-09-05T21:30:06.4109775Z [1m[92m  Downloaded[0m emath v0.32.3
2026-09-05T21:30:06.4126290Z [1m[92m  Downloaded[0m glutin_egl_sys v0.7.1
2026-09-05T21:30:06.4133039Z [1m[92m  Downloaded[0m hashbrown v0.17.1
2026-09-05T21:30:06.4175787Z [1m[92m  Downloaded[0m hyper-util v0.1.20
2026-09-05T21:30:06.4225059Z [1m[92m  Downloaded[0m matrixmultiply v0.3.11
2026-09-05T21:30:06.4250359Z [1m[92m  Downloaded[0m memchr v2.8.3
2026-09-05T21:30:06.4295802Z [1m[92m  Downloaded[0m wasm-bindgen-macro-support v0.2.128
2026-09-05T21:30:06.4315376Z [1m[92m  Downloaded[0m backtrace v0.3.76
2026-09-05T21:30:06.4357299Z [1m[92m  Downloaded[0m bincode v2.0.1
2026-09-05T21:30:06.4400757Z [1m[92m  Downloaded[0m candle-core v0.9.2
2026-09-05T21:30:06.4480004Z [1m[92m  Downloaded[0m getrandom v0.4.3
2026-09-05T21:30:06.4510961Z [1m[92m  Downloaded[0m icu_properties v2.3.0
2026-09-05T21:30:06.4536233Z [1m[92m  Downloaded[0m x11rb v0.13.2
2026-09-05T21:30:06.4603377Z [1m[92m  Downloaded[0m zip v7.2.0
2026-09-05T21:30:06.4642994Z [1m[92m  Downloaded[0m egui_plot v0.33.0
2026-09-05T21:30:06.4659306Z [1m[92m  Downloaded[0m glow v0.16.0
2026-09-05T21:30:06.4695709Z [1m[92m  Downloaded[0m wgpu-hal v26.0.6
2026-09-05T21:30:06.4777158Z [1m[92m  Downloaded[0m png v0.18.1
2026-09-05T21:30:06.4811269Z [1m[92m  Downloaded[0m rand v0.10.2
2026-09-05T21:30:06.4841587Z [1m[92m  Downloaded[0m unicode-width v0.2.2
2026-09-05T21:30:06.4886522Z [1m[92m  Downloaded[0m glutin v0.32.3
2026-09-05T21:30:06.4916959Z [1m[92m  Downloaded[0m icu_properties_data v2.3.0
2026-09-05T21:30:06.5005289Z [1m[92m  Downloaded[0m libm v0.2.16
2026-09-05T21:30:06.5093687Z [1m[92m  Downloaded[0m x11rb-protocol v0.13.2
2026-09-05T21:30:06.5194298Z [1m[92m  Downloaded[0m hyper v1.11.1
2026-09-05T21:30:06.5250228Z [1m[92m  Downloaded[0m quinn-proto v0.11.17
2026-09-05T21:30:06.5304184Z [1m[92m  Downloaded[0m rayon v1.12.0
2026-09-05T21:30:06.5380816Z [1m[92m  Downloaded[0m webpki-roots v1.0.9
2026-09-05T21:30:06.5405743Z [1m[92m  Downloaded[0m zlib-rs v0.6.7
2026-09-05T21:30:06.5450677Z [1m[92m  Downloaded[0m wgpu-core v25.0.2
2026-09-05T21:30:06.5517953Z [1m[92m  Downloaded[0m zbus v5.19.0
2026-09-05T21:30:06.5596758Z [1m[92m  Downloaded[0m zerocopy v0.8.56
2026-09-05T21:30:06.5772356Z [1m[92m  Downloaded[0m wgpu-core v26.0.1
2026-09-05T21:30:06.5841239Z [1m[92m  Downloaded[0m futures-util v0.3.34
2026-09-05T21:30:06.5951910Z [1m[92m  Downloaded[0m khronos_api v3.1.0
2026-09-05T21:30:06.6099349Z [1m[92m  Downloaded[0m wgpu v26.0.1
2026-09-05T21:30:06.6211643Z [1m[92m  Downloaded[0m bindgen v0.71.1
2026-09-05T21:30:06.6264796Z [1m[92m  Downloaded[0m gimli v0.32.3
2026-09-05T21:30:06.6320820Z [1m[92m  Downloaded[0m web-sys v0.3.105
2026-09-05T21:30:06.7272693Z [1m[92m  Downloaded[0m wgpu v25.0.2
2026-09-05T21:30:06.7384258Z [1m[92m  Downloaded[0m regex-automata v0.4.18
2026-09-05T21:30:06.7497941Z [1m[92m  Downloaded[0m winit v0.30.13
2026-09-05T21:30:06.8856583Z [1m[92m  Downloaded[0m regex-syntax v0.8.11
2026-09-05T21:30:06.8911058Z [1m[92m  Downloaded[0m tracing v0.1.44
2026-09-05T21:30:06.9040075Z [1m[92m  Downloaded[0m egui v0.32.3
2026-09-05T21:30:06.9130412Z [1m[92m  Downloaded[0m ash v0.38.0+1.3.281
2026-09-05T21:30:06.9258170Z [1m[92m  Downloaded[0m nalgebra v0.30.1
2026-09-05T21:30:06.9438163Z [1m[92m  Downloaded[0m wgpu-hal v25.0.2
2026-09-05T21:30:06.9518653Z [1m[92m  Downloaded[0m icu_normalizer v2.3.0
2026-09-05T21:30:06.9595473Z [1m[92m  Downloaded[0m cudarc v0.18.2
2026-09-05T21:30:06.9773073Z [1m[92m  Downloaded[0m tokio v1.53.1
2026-09-05T21:30:07.0139934Z [1m[92m  Downloaded[0m petgraph v0.6.5
2026-09-05T21:30:07.0273189Z [1m[92m  Downloaded[0m naga v25.0.1
2026-09-05T21:30:07.0423305Z [1m[92m  Downloaded[0m naga v26.0.0
2026-09-05T21:30:07.0576217Z [1m[92m  Downloaded[0m epaint_default_fonts v0.32.3
2026-09-05T21:30:07.0640424Z [1m[92m  Downloaded[0m pxfm v0.1.30
2026-09-05T21:30:07.0843017Z [1m[92m  Downloaded[0m cubecl-hip-sys v7.14.6085000
2026-09-05T21:30:07.0954269Z [1m[92m  Downloaded[0m libc v0.2.189
2026-09-05T21:30:07.1309436Z [1m[92m  Downloaded[0m liblzma-sys v0.4.8
2026-09-05T21:30:07.1663931Z [1m[92m  Downloaded[0m linux-raw-sys v0.4.15
2026-09-05T21:30:07.2034018Z [1m[92m  Downloaded[0m linux-raw-sys v0.12.1
2026-09-05T21:30:07.3580552Z [1m[92m   Compiling[0m proc-macro2 v1.0.107
2026-09-05T21:30:07.3581358Z [1m[92m   Compiling[0m quote v1.0.47
2026-09-05T21:30:07.3582353Z [1m[92m   Compiling[0m unicode-ident v1.0.24
2026-09-05T21:30:07.3582765Z [1m[92m   Compiling[0m serde_core v1.0.229
2026-09-05T21:30:07.4158979Z [1m[92m    Checking[0m cfg-if v1.0.4
2026-09-05T21:30:07.4386475Z [1m[92m   Compiling[0m autocfg v1.5.1
2026-09-05T21:30:07.5178967Z [1m[92m   Compiling[0m libc v0.2.189
2026-09-05T21:30:07.6931953Z [1m[92m    Checking[0m log v0.4.34
2026-09-05T21:30:07.7727769Z [1m[92m    Checking[0m once_cell v1.21.4
2026-09-05T21:30:08.0018924Z [1m[92m   Compiling[0m syn v2.0.119
2026-09-05T21:30:08.0179323Z [1m[92m   Compiling[0m syn v3.0.5
2026-09-05T21:30:08.4254782Z [1m[92m   Compiling[0m serde v1.0.229
2026-09-05T21:30:08.5908912Z [1m[92m    Checking[0m smallvec v1.16.0
2026-09-05T21:30:08.6898807Z [1m[92m   Compiling[0m libm v0.2.16
2026-09-05T21:30:08.8399000Z [1m[92m   Compiling[0m num-traits v0.2.19
2026-09-05T21:30:08.9689078Z [1m[92m    Checking[0m bitflags v2.13.1
2026-09-05T21:30:09.0564228Z [1m[92m    Checking[0m pin-project-lite v0.2.17
2026-09-05T21:30:09.0919359Z [1m[92m   Compiling[0m cfg_aliases v0.2.2
2026-09-05T21:30:09.1278976Z [1m[92m   Compiling[0m zerocopy v0.8.56
2026-09-05T21:30:09.3406030Z [1m[92m   Compiling[0m rustix v1.1.4
2026-09-05T21:30:09.5608948Z [1m[92m    Checking[0m linux-raw-sys v0.12.1
2026-09-05T21:30:10.0298830Z [1m[92m    Checking[0m libloading v0.8.9
2026-09-05T21:30:10.0968903Z [1m[92m    Checking[0m futures-core v0.3.34
2026-09-05T21:30:10.1445490Z [1m[92m    Checking[0m parking v2.2.1
2026-09-05T21:30:10.2268842Z [1m[92m    Checking[0m futures-io v0.3.34
2026-09-05T21:30:10.2748960Z [1m[92m   Compiling[0m getrandom v0.3.4
2026-09-05T21:30:10.4212016Z [1m[92m    Checking[0m fastrand v2.5.0
2026-09-05T21:30:10.5275036Z [1m[92m   Compiling[0m pkg-config v0.3.34
2026-09-05T21:30:10.8758801Z [1m[92m    Checking[0m equivalent v1.0.2
2026-09-05T21:30:10.9059086Z [1m[92m    Checking[0m slab v0.4.12
2026-09-05T21:30:11.0488961Z [1m[92m    Checking[0m futures-lite v2.6.1
2026-09-05T21:30:11.5339026Z [1m[92m    Checking[0m scopeguard v1.2.0
2026-09-05T21:30:11.5678915Z [1m[92m    Checking[0m allocator-api2 v0.2.21
2026-09-05T21:30:11.7639296Z [1m[92m   Compiling[0m parking_lot_core v0.9.12
2026-09-05T21:30:11.8600015Z [1m[92m   Compiling[0m zerocopy-derive v0.8.56
2026-09-05T21:30:11.8739010Z [1m[92m   Compiling[0m crossbeam-utils v0.8.23
2026-09-05T21:30:11.9017439Z [1m[92m   Compiling[0m serde_derive v1.0.229
2026-09-05T21:30:12.0038998Z [1m[92m   Compiling[0m bytemuck_derive v1.12.0
2026-09-05T21:30:12.8448989Z [1m[92m    Checking[0m bytemuck v1.25.2
2026-09-05T21:30:12.9989056Z [1m[92m    Checking[0m lock_api v0.4.14
2026-09-05T21:30:13.0289047Z [1m[92m    Checking[0m foldhash v0.1.5
2026-09-05T21:30:13.1295847Z [1m[92m    Checking[0m hashbrown v0.15.5
2026-09-05T21:30:13.4828960Z [1m[92m   Compiling[0m memchr v2.8.3
2026-09-05T21:30:13.7468941Z [1m[92m    Checking[0m parking_lot v0.12.5
2026-09-05T21:30:13.9642279Z [1m[92m   Compiling[0m winnow v1.0.4
2026-09-05T21:30:14.4608035Z [1m[92m    Checking[0m polling v3.11.0
2026-09-05T21:30:14.5528985Z [1m[92m   Compiling[0m wayland-sys v0.31.11
2026-09-05T21:30:14.6519006Z [1m[92m    Checking[0m dlib v0.5.3
2026-09-05T21:30:14.6918814Z [1m[92m   Compiling[0m thiserror v2.0.20
2026-09-05T21:30:14.8338801Z [1m[92m   Compiling[0m shlex v2.0.1
2026-09-05T21:30:14.8638795Z [1m[92m   Compiling[0m hashbrown v0.17.1
2026-09-05T21:30:14.9349142Z [1m[92m   Compiling[0m find-msvc-tools v0.1.12
2026-09-05T21:30:15.0969344Z [1m[92m   Compiling[0m cc v1.4.5
2026-09-05T21:30:15.2745855Z [1m[92m   Compiling[0m indexmap v2.14.2
2026-09-05T21:30:15.7219034Z [1m[92m   Compiling[0m toml_parser v1.1.3+spec-1.1.0
2026-09-05T21:30:15.7739441Z [1m[92m   Compiling[0m thiserror-impl v2.0.20
2026-09-05T21:30:15.9979081Z [1m[92m   Compiling[0m toml_datetime v1.1.1+spec-1.1.0
2026-09-05T21:30:16.1334904Z [1m[92m    Checking[0m simd-adler32 v0.3.10
2026-09-05T21:30:16.1594427Z [1m[92m   Compiling[0m wayland-backend v0.3.17
2026-09-05T21:30:16.1679042Z [1m[92m   Compiling[0m toml_edit v0.25.13+spec-1.1.0
2026-09-05T21:30:16.2496305Z [1m[92m   Compiling[0m enumflags2_derive v0.7.12
2026-09-05T21:30:16.5619787Z [1m[92m    Checking[0m adler2 v2.0.1
2026-09-05T21:30:16.5988018Z [1m[92m   Compiling[0m zvariant_utils v4.2.0
2026-09-05T21:30:16.6068824Z [1m[92m    Checking[0m half v2.7.1
2026-09-05T21:30:16.6872522Z [1m[92m   Compiling[0m proc-macro-crate v3.5.0
2026-09-05T21:30:16.8738988Z [1m[92m    Checking[0m downcast-rs v1.2.1
2026-09-05T21:30:16.9129193Z [1m[92m    Checking[0m scoped-tls v1.0.1
2026-09-05T21:30:16.9698932Z [1m[92m    Checking[0m ppv-lite86 v0.2.21
2026-09-05T21:30:17.0229526Z [1m[92m   Compiling[0m quick-xml v0.41.0
2026-09-05T21:30:17.2038836Z [1m[92m    Checking[0m tracing-core v0.1.36
2026-09-05T21:30:17.4208759Z [1m[92m   Compiling[0m zvariant_derive v5.15.0
2026-09-05T21:30:17.4498198Z [1m[92m   Compiling[0m wayland-client v0.31.15
2026-09-05T21:30:17.4699023Z [1m[92m    Checking[0m miniz_oxide v0.8.9
2026-09-05T21:30:17.5439036Z [1m[92m   Compiling[0m synstructure v0.13.2
2026-09-05T21:30:17.6248912Z [1m[92m   Compiling[0m thiserror v1.0.69
2026-09-05T21:30:17.7359358Z [1m[92m   Compiling[0m wayland-scanner v0.31.11
2026-09-05T21:30:17.7478928Z [1m[92m   Compiling[0m version_check v0.9.5
2026-09-05T21:30:17.7880432Z [1m[92m   Compiling[0m thiserror-impl v1.0.69
2026-09-05T21:30:17.9410457Z [1m[92m   Compiling[0m tracing-attributes v0.1.31
2026-09-05T21:30:17.9488722Z [1m[92m   Compiling[0m ahash v0.8.12
2026-09-05T21:30:18.0474958Z [1m[92m   Compiling[0m fnv v1.0.7
2026-09-05T21:30:18.0844411Z [1m[92m   Compiling[0m ident_case v1.0.1
2026-09-05T21:30:18.1578903Z [1m[92m   Compiling[0m zerofrom-derive v0.1.7
2026-09-05T21:30:18.8398810Z [1m[92m   Compiling[0m rustversion v1.0.23
2026-09-05T21:30:18.8865284Z [1m[92m    Checking[0m tracing v0.1.44
2026-09-05T21:30:19.0432463Z [1m[92m    Checking[0m zerofrom v0.1.8
2026-09-05T21:30:19.0989305Z [1m[92m   Compiling[0m yoke-derive v0.8.2
2026-09-05T21:30:19.1171762Z [1m[92m   Compiling[0m enumflags2 v0.7.12
2026-09-05T21:30:19.1519058Z [1m[92m   Compiling[0m zcheapstr v1.1.0
2026-09-05T21:30:19.2308732Z [1m[92m    Checking[0m concurrent-queue v2.5.0
2026-09-05T21:30:19.2389064Z [1m[92m    Checking[0m rand_core v0.9.5
2026-09-05T21:30:19.3248801Z [1m[92m    Checking[0m event-listener v5.4.2
2026-09-05T21:30:19.3308645Z [1m[92m    Checking[0m uuid v1.26.0
2026-09-05T21:30:19.4549427Z [1m[92m   Compiling[0m portable-atomic v1.15.0
2026-09-05T21:30:19.5319341Z [1m[92m    Checking[0m web-time v1.1.0
2026-09-05T21:30:19.5629081Z [1m[92m   Compiling[0m endi v1.1.1
2026-09-05T21:30:19.6378366Z [1m[92m   Compiling[0m object v0.37.3
2026-09-05T21:30:19.7079977Z [1m[92m   Compiling[0m unicode-segmentation v1.13.3
2026-09-05T21:30:19.7540711Z [1m[92m    Checking[0m stable_deref_trait v1.2.1
2026-09-05T21:30:19.8238904Z [1m[92m   Compiling[0m zvariant v5.15.0
2026-09-05T21:30:19.8599096Z [1m[92m    Checking[0m yoke v0.8.3
2026-09-05T21:30:19.9059359Z [1m[92m    Checking[0m event-listener-strategy v0.5.4
2026-09-05T21:30:19.9478953Z [1m[92m   Compiling[0m convert_case v0.10.0
2026-09-05T21:30:19.9629044Z [1m[92m    Checking[0m rand_chacha v0.9.0
2026-09-05T21:30:20.1129032Z [1m[92m    Checking[0m gimli v0.32.3
2026-09-05T21:30:20.3868948Z [1m[92m   Compiling[0m syn v1.0.109
2026-09-05T21:30:20.5208966Z [1m[92m   Compiling[0m unicode-xid v0.2.6
2026-09-05T21:30:21.2998917Z [1m[92m   Compiling[0m derive_more-impl v2.1.1
2026-09-05T21:30:21.5319113Z [1m[92m    Checking[0m addr2line v0.25.1
2026-09-05T21:30:21.6279193Z [1m[92m   Compiling[0m zbus_names v4.3.4
2026-09-05T21:30:21.7283534Z [1m[92m    Checking[0m rand v0.9.5
2026-09-05T21:30:22.0488882Z [1m[92m    Checking[0m wayland-protocols v0.32.13
2026-09-05T21:30:22.5210006Z [1m[92m   Compiling[0m zerovec-derive v0.11.6
2026-09-05T21:30:22.7488977Z [1m[92m   Compiling[0m derive-new v0.7.0
2026-09-05T21:30:23.0400535Z [1m[92m   Compiling[0m cubecl-common v0.9.0
2026-09-05T21:30:23.1577417Z [1m[92m   Compiling[0m async-io v2.6.0
2026-09-05T21:30:23.2550344Z [1m[92m    Checking[0m rustc-demangle v0.1.28
2026-09-05T21:30:23.3648916Z [1m[92m   Compiling[0m crc32fast v1.5.1
2026-09-05T21:30:23.4998964Z [1m[92m    Checking[0m zerovec v0.11.8
2026-09-05T21:30:23.9008880Z [1m[92m    Checking[0m derive_more v2.1.1
2026-09-05T21:30:23.9366410Z [1m[92m    Checking[0m spin v0.10.1
2026-09-05T21:30:24.2938800Z [1m[92m    Checking[0m backtrace v0.3.76
2026-09-05T21:30:24.5048921Z [1m[92m   Compiling[0m displaydoc v0.2.7
2026-09-05T21:30:24.7269262Z [1m[92m    Checking[0m serde_bytes v0.11.19
2026-09-05T21:30:24.8208936Z [1m[92m    Checking[0m errno v0.3.14
2026-09-05T21:30:24.9398783Z [1m[92m    Checking[0m arrayvec v0.7.8
2026-09-05T21:30:25.0435809Z [1m[92m    Checking[0m bytes v1.12.1
2026-09-05T21:30:25.1394909Z [1m[92m    Checking[0m ttf-parser v0.25.1
2026-09-05T21:30:25.3477417Z [1m[92m    Checking[0m embassy-futures v0.1.2
2026-09-05T21:30:25.4178872Z [1m[92m    Checking[0m async-task v4.7.1
2026-09-05T21:30:25.5418836Z [1m[92m    Checking[0m signal-hook-registry v1.4.8
2026-09-05T21:30:25.9898882Z [1m[92m    Checking[0m async-channel v2.5.0
2026-09-05T21:30:25.9988755Z [1m[92m    Checking[0m miniz_oxide v0.9.1
2026-09-05T21:30:26.0878834Z [1m[92m   Compiling[0m matrixmultiply v0.3.11
2026-09-05T21:30:26.1724721Z [1m[92m   Compiling[0m rustix v0.38.44
2026-09-05T21:30:26.2449605Z [1m[92m    Checking[0m atomic-waker v1.1.2
2026-09-05T21:30:26.2848835Z [1m[92m   Compiling[0m zmij v1.0.23
2026-09-05T21:30:26.3298962Z [1m[92m   Compiling[0m khronos_api v3.1.0
2026-09-05T21:30:26.3806527Z [1m[92m    Checking[0m owned_ttf_parser v0.25.1
2026-09-05T21:30:26.4151446Z [1m[92m    Checking[0m foldhash v0.2.0
2026-09-05T21:30:26.4389517Z [1m[92m    Checking[0m ab_glyph_rasterizer v0.1.10
2026-09-05T21:30:26.4759358Z [1m[92m    Checking[0m hashbrown v0.16.1
2026-09-05T21:30:26.4974874Z [1m[92m    Checking[0m ab_glyph v0.2.32
2026-09-05T21:30:26.5082269Z [1m[92m    Checking[0m piper v0.2.5
2026-09-05T21:30:26.5758944Z [1m[92m    Checking[0m flate2 v1.1.10
2026-09-05T21:30:26.6679438Z [1m[92m    Checking[0m async-signal v0.2.14
2026-09-05T21:30:26.7475740Z [1m[92m    Checking[0m burn-std v0.20.1
2026-09-05T21:30:26.8929466Z [1m[92m    Checking[0m rand_distr v0.5.1
2026-09-05T21:30:26.9942250Z [1m[92m   Compiling[0m zbus_xml v5.2.1
2026-09-05T21:30:27.1399449Z [1m[92m    Checking[0m async-lock v3.4.2
2026-09-05T21:30:27.4189308Z [1m[92m   Compiling[0m enumn v0.1.14
2026-09-05T21:30:27.4268755Z [1m[92m    Checking[0m num-complex v0.4.6
2026-09-05T21:30:27.5389486Z [1m[92m    Checking[0m num-integer v0.1.47
2026-09-05T21:30:27.5898948Z [1m[92m    Checking[0m cursor-icon v1.2.0
2026-09-05T21:30:27.6399024Z [1m[92m    Checking[0m linux-raw-sys v0.4.15
2026-09-05T21:30:27.6809016Z [1m[92m    Checking[0m xkeysym v0.2.1
2026-09-05T21:30:27.6918759Z [1m[92m   Compiling[0m serde_json v1.0.151
2026-09-05T21:30:27.7458494Z [1m[92m    Checking[0m rawpointer v0.2.1
2026-09-05T21:30:27.7759557Z [1m[92m    Checking[0m raw-window-handle v0.6.2
2026-09-05T21:30:27.7808530Z [1m[92m   Compiling[0m paste v1.0.15
2026-09-05T21:30:27.8618919Z [1m[92m    Checking[0m xcursor v0.3.11
2026-09-05T21:30:27.8759531Z [1m[92m    Checking[0m static_assertions v1.1.0
2026-09-05T21:30:27.8968942Z [1m[92m    Checking[0m profiling v1.0.18
2026-09-05T21:30:27.9054690Z [1m[92m   Compiling[0m strsim v0.10.0
2026-09-05T21:30:27.9439042Z [1m[92m    Checking[0m wayland-cursor v0.31.14
2026-09-05T21:30:28.0199046Z [1m[92m   Compiling[0m darling_core v0.14.4
2026-09-05T21:30:28.1398940Z [1m[92m    Checking[0m wayland-csd-frame v0.3.0
2026-09-05T21:30:28.2583287Z [1m[92m    Checking[0m accesskit v0.19.0
2026-09-05T21:30:28.2686787Z [1m[92m   Compiling[0m zbus-lockstep v0.5.2
2026-09-05T21:30:28.3729681Z [1m[92m    Checking[0m async-process v2.5.0
2026-09-05T21:30:28.5142691Z [1m[92m    Checking[0m burn-backend v0.20.1
2026-09-05T21:30:29.0169096Z [1m[92m    Checking[0m blocking v1.7.0
2026-09-05T21:30:29.3463472Z [1m[92m    Checking[0m async-executor v1.14.0
2026-09-05T21:30:29.4599022Z [1m[92m    Checking[0m wayland-protocols-wlr v0.3.12
2026-09-05T21:30:29.5238800Z [1m[92m    Checking[0m tinystr v0.8.4
2026-09-05T21:30:29.6169027Z [1m[92m   Compiling[0m zbus_macros v5.19.0
2026-09-05T21:30:29.7219778Z [1m[92m    Checking[0m async-broadcast v0.7.2
2026-09-05T21:30:29.8329317Z [1m[92m   Compiling[0m async-trait v0.1.92
2026-09-05T21:30:30.1098932Z [1m[92m   Compiling[0m serde_repr v0.1.21
2026-09-05T21:30:30.3459419Z [1m[92m   Compiling[0m async-recursion v1.1.1
2026-09-05T21:30:30.3611836Z [1m[92m   Compiling[0m x11-dl v2.21.0
2026-09-05T21:30:30.4229041Z [1m[92m    Checking[0m ordered-stream v0.2.0
2026-09-05T21:30:30.4639710Z [1m[92m    Checking[0m memmap2 v0.9.11
2026-09-05T21:30:30.5988927Z [1m[92m    Checking[0m itoa v1.0.18
2026-09-05T21:30:30.6645580Z [1m[92m    Checking[0m percent-encoding v2.3.2
2026-09-05T21:30:30.6759947Z [1m[92m   Compiling[0m crossbeam-epoch v0.9.21
2026-09-05T21:30:30.6828649Z [1m[92m   Compiling[0m wasm-bindgen-shared v0.2.128
2026-09-05T21:30:30.7374326Z [1m[92m    Checking[0m litemap v0.8.3
2026-09-05T21:30:30.7869356Z [1m[92m    Checking[0m writeable v0.6.4
2026-09-05T21:30:30.8040100Z [1m[92m    Checking[0m hex v0.4.3
2026-09-05T21:30:30.8499356Z [1m[92m   Compiling[0m xml-rs v0.8.29
2026-09-05T21:30:30.8958885Z [1m[92m    Checking[0m icu_locale_core v2.3.0
2026-09-05T21:30:31.3999172Z [1m[92m   Compiling[0m gl_generator v0.14.0
2026-09-05T21:30:31.5128916Z [1m[92m    Checking[0m calloop v0.13.0
2026-09-05T21:30:31.6088973Z [1m[92m    Checking[0m zbus v5.19.0
2026-09-05T21:30:31.6419561Z [1m[92m   Compiling[0m darling_macro v0.14.4
2026-09-05T21:30:31.7658985Z [1m[92m   Compiling[0m zbus-lockstep-macros v0.5.2
2026-09-05T21:30:31.8029346Z [1m[92m    Checking[0m zerotrie v0.2.5
2026-09-05T21:30:31.9460804Z [1m[92m    Checking[0m potential_utf v0.1.6
2026-09-05T21:30:31.9979411Z [1m[92m   Compiling[0m heck v0.5.0
2026-09-05T21:30:32.0415199Z [1m[92m   Compiling[0m icu_normalizer_data v2.3.0
2026-09-05T21:30:32.0508904Z [1m[92m   Compiling[0m crossbeam-deque v0.8.8
2026-09-05T21:30:32.1047708Z [1m[92m   Compiling[0m crunchy v0.2.4
2026-09-05T21:30:32.1219426Z [1m[92m    Checking[0m utf8_iter v1.0.4
2026-09-05T21:30:32.1519107Z [1m[92m   Compiling[0m smithay-client-toolkit v0.19.2
2026-09-05T21:30:32.1774100Z [1m[92m    Checking[0m strict-num v0.1.1
2026-09-05T21:30:32.2139329Z [1m[92m   Compiling[0m icu_properties_data v2.3.0
2026-09-05T21:30:32.2339033Z [1m[92m    Checking[0m arrayref v0.3.9
2026-09-05T21:30:32.2459469Z [1m[92m   Compiling[0m strsim v0.11.1
2026-09-05T21:30:32.2714092Z [1m[92m    Checking[0m tiny-skia-path v0.11.4
2026-09-05T21:30:32.3351765Z [1m[92m    Checking[0m icu_collections v2.3.0
2026-09-05T21:30:32.4329023Z [1m[92m   Compiling[0m darling_core v0.20.11
2026-09-05T21:30:32.5629413Z [1m[92m   Compiling[0m strum_macros v0.26.4
2026-09-05T21:30:32.5816001Z [1m[92m    Checking[0m icu_provider v2.3.1
2026-09-05T21:30:32.7231608Z [1m[92m   Compiling[0m darling v0.14.4
2026-09-05T21:30:32.7688960Z [1m[92m    Checking[0m calloop-wayland-source v0.3.0
2026-09-05T21:30:34.0338143Z [1m[92m    Checking[0m ndarray v0.17.2
2026-09-05T21:30:34.4139374Z [1m[92m    Checking[0m aho-corasick v1.1.5
2026-09-05T21:30:34.9220219Z [1m[92m    Checking[0m emath v0.32.3
2026-09-05T21:30:34.9426409Z [1m[92m    Checking[0m gethostname v1.1.0
2026-09-05T21:30:34.9789158Z [1m[92m   Compiling[0m futures-macro v0.3.34
2026-09-05T21:30:35.1889178Z [1m[92m    Checking[0m atspi-common v0.9.0
2026-09-05T21:30:35.2479586Z [1m[92m   Compiling[0m naga v25.0.1
2026-09-05T21:30:35.3708961Z [1m[92m   Compiling[0m num-complex v0.2.4
2026-09-05T21:30:35.4868882Z [1m[92m    Checking[0m x11rb-protocol v0.13.2
2026-09-05T21:30:35.8378966Z [1m[92m   Compiling[0m khronos-egl v6.0.0
2026-09-05T21:30:35.9159022Z [1m[92m    Checking[0m unicode-width v0.2.2
2026-09-05T21:30:36.0438793Z [1m[92m    Checking[0m bit-vec v0.8.0
2026-09-05T21:30:36.1498755Z [1m[92m   Compiling[0m semver v1.0.28
2026-09-05T21:30:36.3499290Z [1m[92m   Compiling[0m rayon-core v1.13.0
2026-09-05T21:30:36.4349065Z [1m[92m    Checking[0m regex-syntax v0.8.11
2026-09-05T21:30:36.4637504Z [1m[92m   Compiling[0m ash v0.38.0+1.3.281
2026-09-05T21:30:36.5431641Z [1m[92m   Compiling[0m tiny-keccak v2.0.2
2026-09-05T21:30:36.6229144Z [1m[92m    Checking[0m termcolor v1.4.1
2026-09-05T21:30:36.7338839Z [1m[92m    Checking[0m futures-task v0.3.34
2026-09-05T21:30:36.7999065Z [1m[92m    Checking[0m as-raw-xcb-connection v1.0.1
2026-09-05T21:30:36.8309284Z [1m[92m    Checking[0m either v1.18.0
2026-09-05T21:30:36.9529286Z [1m[92m    Checking[0m futures-util v0.3.34
2026-09-05T21:30:37.4155324Z [1m[92m    Checking[0m codespan-reporting v0.12.0
2026-09-05T21:30:37.5018766Z [1m[92m    Checking[0m regex-automata v0.4.18
2026-09-05T21:30:37.6438972Z [1m[92m   Compiling[0m rustc_version v0.4.1
2026-09-05T21:30:37.8428955Z [1m[92m    Checking[0m bit-set v0.8.0
2026-09-05T21:30:38.2108976Z [1m[92m    Checking[0m ecolor v0.32.3
2026-09-05T21:30:38.3472367Z [1m[92m   Compiling[0m darling_macro v0.20.11
2026-09-05T21:30:38.4628471Z [1m[92m    Checking[0m strum v0.26.3
2026-09-05T21:30:38.5319019Z [1m[92m   Compiling[0m derive_builder_core v0.11.2
2026-09-05T21:30:38.7080728Z [1m[92m    Checking[0m tiny-skia v0.11.4
2026-09-05T21:30:39.2019002Z [1m[92m    Checking[0m safe_arch v0.7.4
2026-09-05T21:30:39.2359491Z [1m[92m    Checking[0m rmp v0.8.15
2026-09-05T21:30:39.3939085Z [1m[92m   Compiling[0m wgpu-hal v25.0.2
2026-09-05T21:30:39.3989995Z [1m[92m   Compiling[0m winit v0.30.13
2026-09-05T21:30:39.4195857Z [1m[92m    Checking[0m spirv v0.3.0+sdk-1.3.268.0
2026-09-05T21:30:39.5668843Z [1m[92m    Checking[0m gpu-alloc-types v0.3.1
2026-09-05T21:30:39.5788896Z [1m[92m    Checking[0m gpu-descriptor-types v0.2.0
2026-09-05T21:30:39.6549121Z [1m[92m    Checking[0m getrandom v0.2.17
2026-09-05T21:30:39.6682902Z [1m[92m    Checking[0m colored v3.1.1
2026-09-05T21:30:39.7308984Z [1m[92m   Compiling[0m ort-sys v2.0.0-rc.12
2026-09-05T21:30:39.7842155Z [1m[92m    Checking[0m nohash-hasher v0.2.0
2026-09-05T21:30:39.8312232Z [1m[92m    Checking[0m unty v0.0.4
2026-09-05T21:30:39.8629467Z [1m[92m    Checking[0m hexf-parse v0.2.1
2026-09-05T21:30:39.8968967Z [1m[92m    Checking[0m rustc-hash v1.1.0
2026-09-05T21:30:39.9239444Z [1m[92m    Checking[0m glow v0.16.0
2026-09-05T21:30:39.9308847Z [1m[92m    Checking[0m epaint_default_fonts v0.32.3
2026-09-05T21:30:39.9838756Z [1m[92m   Compiling[0m glob v0.3.4
2026-09-05T21:30:40.0559013Z [1m[92m    Checking[0m lazy_static v1.5.0
2026-09-05T21:30:40.0918786Z [1m[92m    Checking[0m base64 v0.22.1
2026-09-05T21:30:40.1948993Z [1m[92m   Compiling[0m clang-sys v1.9.1
2026-09-05T21:30:40.2339206Z [1m[92m    Checking[0m ron v0.10.1
2026-09-05T21:30:40.7748702Z [1m[92m    Checking[0m epaint v0.32.3
2026-09-05T21:30:40.8388955Z [1m[92m    Checking[0m bincode v2.0.1
2026-09-05T21:30:41.3768833Z [1m[92m    Checking[0m burn-tensor v0.20.1
2026-09-05T21:30:41.8388927Z [1m[92m    Checking[0m x11rb v0.13.2
2026-09-05T21:30:41.8779501Z [1m[92m    Checking[0m rand_core v0.6.4
2026-09-05T21:30:41.9678916Z [1m[92m    Checking[0m gpu-alloc v0.6.2
2026-09-05T21:30:42.0609118Z [1m[92m    Checking[0m gpu-descriptor v0.3.2
2026-09-05T21:30:42.1762730Z [1m[92m    Checking[0m sctk-adwaita v0.10.1
2026-09-05T21:30:42.1817019Z [1m[92m    Checking[0m rmp-serde v1.3.1
2026-09-05T21:30:42.3628743Z [1m[92m    Checking[0m wide v0.7.33
2026-09-05T21:30:42.4309124Z [1m[92m    Checking[0m icu_properties v2.3.0
2026-09-05T21:30:42.9306410Z [1m[92m   Compiling[0m derive_builder_macro v0.11.2
2026-09-05T21:30:43.0799111Z [1m[92m    Checking[0m icu_normalizer v2.3.0
2026-09-05T21:30:43.1814387Z [1m[92m    Checking[0m regex v1.13.1
2026-09-05T21:30:43.2824627Z [1m[92m   Compiling[0m darling v0.20.11
2026-09-05T21:30:43.5290619Z [1m[92m   Compiling[0m macerator v0.2.10
2026-09-05T21:30:43.5959700Z [1m[92m    Checking[0m atspi-proxies v0.9.0
2026-09-05T21:30:43.8244786Z [1m[92m    Checking[0m xkbcommon-dl v0.4.2
2026-09-05T21:30:44.0368240Z [1m[92m    Checking[0m wayland-protocols-plasma v0.3.12
2026-09-05T21:30:44.5138751Z [1m[92m   Compiling[0m burn-derive v0.20.1
2026-09-05T21:30:45.0149048Z [1m[92m    Checking[0m wgpu-types v25.0.0
2026-09-05T21:30:45.2839047Z [1m[92m    Checking[0m ordered-float v4.6.0
2026-09-05T21:30:45.4379082Z [1m[92m    Checking[0m approx v0.3.2
2026-09-05T21:30:45.4968881Z [1m[92m    Checking[0m approx v0.5.1
2026-09-05T21:30:45.5494943Z [1m[92m    Checking[0m dpi v0.1.2
2026-09-05T21:30:45.5578835Z [1m[92m    Checking[0m data-encoding v2.11.1
2026-09-05T21:30:45.6508836Z [1m[92m    Checking[0m renderdoc-sys v1.1.0
2026-09-05T21:30:45.6948758Z [1m[92m   Compiling[0m bumpalo v3.20.3
2026-09-05T21:30:45.7165261Z [1m[92m    Checking[0m smol_str v0.2.2
2026-09-05T21:30:45.7959146Z [1m[92m   Compiling[0m prettyplease v0.2.37
2026-09-05T21:30:45.8899030Z [1m[92m   Compiling[0m wasm-bindgen-macro-support v0.2.128
2026-09-05T21:30:46.0793893Z [1m[92m    Checking[0m egui v0.32.3
2026-09-05T21:30:48.1149413Z [1m[92m    Checking[0m burn-core v0.20.1
2026-09-05T21:30:48.8088891Z [1m[92m    Checking[0m simba v0.7.3
2026-09-05T21:30:49.8356462Z [1m[92m    Checking[0m alga v0.9.3
2026-09-05T21:30:50.0006561Z [1m[92m    Checking[0m atspi-connection v0.9.0
2026-09-05T21:30:50.1094343Z [1m[92m   Compiling[0m const-random-macro v0.1.16
2026-09-05T21:30:50.1419084Z [1m[92m    Checking[0m rayon v1.12.0
2026-09-05T21:30:50.2809015Z [1m[92m   Compiling[0m macerator-macros v0.1.5
2026-09-05T21:30:50.5499448Z [1m[92m    Checking[0m idna_adapter v1.2.2
2026-09-05T21:30:50.5939033Z [1m[92m    Checking[0m derive_builder v0.11.2
2026-09-05T21:30:50.6389122Z [1m[92m    Checking[0m rand_chacha v0.3.1
2026-09-05T21:30:50.9809409Z [1m[92m    Checking[0m itertools v0.11.0
2026-09-05T21:30:51.4915221Z [1m[92m   Compiling[0m glutin_glx_sys v0.6.1
2026-09-05T21:30:51.6869286Z [1m[92m   Compiling[0m glutin_egl_sys v0.7.1
2026-09-05T21:30:51.7598792Z [1m[92m   Compiling[0m enum_dispatch v0.3.13
2026-09-05T21:30:51.9599018Z [1m[92m    Checking[0m accesskit_consumer v0.28.0
2026-09-05T21:30:52.1509014Z [1m[92m    Checking[0m num-rational v0.4.2
2026-09-05T21:30:52.1618839Z [1m[92m   Compiling[0m nalgebra-macros v0.1.0
2026-09-05T21:30:52.3169549Z [1m[92m   Compiling[0m wasm-bindgen v0.2.128
2026-09-05T21:30:52.3389146Z [1m[92m    Checking[0m calloop v0.14.4
2026-09-05T21:30:52.3758986Z [1m[92m    Checking[0m fdeflate v0.3.7
2026-09-05T21:30:52.4300151Z [1m[92m    Checking[0m amd v0.2.2
2026-09-05T21:30:52.5609629Z [1m[92m   Compiling[0m wgpu-core v25.0.2
2026-09-05T21:30:52.5678770Z [1m[92m    Checking[0m num_cpus v1.17.0
2026-09-05T21:30:52.6498966Z [1m[92m    Checking[0m libloading v0.9.0
2026-09-05T21:30:52.6706298Z [1m[92m   Compiling[0m smithay-client-toolkit v0.20.0
2026-09-05T21:30:52.6799337Z [1m[92m    Checking[0m pxfm v0.1.30
2026-09-05T21:30:52.7350207Z [1m[92m   Compiling[0m litrs v1.0.0
2026-09-05T21:30:52.7419499Z [1m[92m    Checking[0m moddef v0.3.0
2026-09-05T21:30:52.7479471Z [1m[92m   Compiling[0m minimal-lexical v0.2.1
2026-09-05T21:30:52.7798823Z [1m[92m   Compiling[0m burn-ndarray v0.20.1
2026-09-05T21:30:52.9199588Z [1m[92m    Checking[0m typenum v1.20.1
2026-09-05T21:30:53.0879038Z [1m[92m   Compiling[0m document-features v0.2.12
2026-09-05T21:30:53.4118950Z [1m[92m   Compiling[0m nom v7.1.3
2026-09-05T21:30:53.4691469Z [1m[92m    Checking[0m nalgebra v0.30.1
2026-09-05T21:30:54.2638832Z [1m[92m    Checking[0m moxcms v0.8.1
2026-09-05T21:30:55.4068955Z [1m[92m    Checking[0m ort v2.0.0-rc.12
2026-09-05T21:30:55.9709270Z [1m[92m    Checking[0m wgpu-core-deps-windows-linux-android v25.0.0
2026-09-05T21:30:55.9999066Z [1m[92m    Checking[0m calloop-wayland-source v0.4.1
2026-09-05T21:30:56.0548940Z [1m[92m    Checking[0m sprs v0.11.5
2026-09-05T21:30:56.2288984Z [1m[92m    Checking[0m png v0.18.1
2026-09-05T21:30:56.6159860Z [1m[92m    Checking[0m clarabel v0.9.0
2026-09-05T21:30:56.7449158Z [1m[92m    Checking[0m accesskit_atspi_common v0.12.0
2026-09-05T21:30:57.0839869Z [1m[92m    Checking[0m rand v0.8.8
2026-09-05T21:30:57.1328898Z [1m[92m    Checking[0m idna v1.1.0
2026-09-05T21:30:57.2818819Z [1m[92m    Checking[0m const-random v0.1.18
2026-09-05T21:30:57.3088999Z [1m[92m    Checking[0m atspi v0.25.0
2026-09-05T21:30:57.3448927Z [1m[92m   Compiling[0m wasm-bindgen-macro v0.2.128
2026-09-05T21:30:57.5363593Z [1m[92m    Checking[0m form_urlencoded v1.2.2
2026-09-05T21:30:57.5397446Z [1m[92m    Checking[0m burn-autodiff v0.20.1
2026-09-05T21:30:57.5909081Z [1m[92m    Checking[0m burn-ir v0.20.1
2026-09-05T21:30:57.6949053Z [1m[92m    Checking[0m wayland-protocols-experimental v20250721.0.1
2026-09-05T21:30:57.8666398Z [1m[92m    Checking[0m wayland-protocols-misc v0.3.12
2026-09-05T21:30:57.9519144Z [1m[92m   Compiling[0m wgpu v25.0.2
2026-09-05T21:30:58.1348813Z [1m[92m   Compiling[0m glutin v0.32.3
2026-09-05T21:30:58.2058578Z [1m[92m   Compiling[0m memoffset v0.9.1
2026-09-05T21:30:58.2386772Z [1m[92m    Checking[0m byteorder-lite v0.1.0
2026-09-05T21:30:58.2919517Z [1m[92m    Checking[0m atomic_float v1.1.0
2026-09-05T21:30:58.3435236Z [1m[92m   Compiling[0m bindgen v0.71.1
2026-09-05T21:30:58.3907325Z [1m[92m    Checking[0m image v0.25.10
2026-09-05T21:30:58.4768712Z [1m[92m   Compiling[0m itertools v0.13.0
2026-09-05T21:30:59.3878973Z [1m[92m    Checking[0m url v2.5.8
2026-09-05T21:30:59.6699500Z [1m[92m    Checking[0m accesskit_unix v0.15.0
2026-09-05T21:31:01.0907836Z [1m[92m   Compiling[0m cexpr v0.6.0
2026-09-05T21:31:01.3228952Z [1m[92m    Checking[0m burn-optim v0.20.1
2026-09-05T21:31:01.6079039Z [1m[92m    Checking[0m burn-nn v0.20.1
2026-09-05T21:31:02.1468938Z [1m[92m   Compiling[0m glutin-winit v0.5.0
2026-09-05T21:31:02.3549231Z [1m[92m    Checking[0m rustc-hash v2.1.3
2026-09-05T21:31:02.5089020Z [1m[92m   Compiling[0m shlex v1.3.0
2026-09-05T21:31:02.9449487Z [1m[92m    Checking[0m type-map v0.5.1
2026-09-05T21:31:03.0188898Z [1m[92m    Checking[0m accesskit_winit v0.27.0
2026-09-05T21:31:03.5249406Z [1m[92m    Checking[0m js-sys v0.3.105
2026-09-05T21:31:04.1179065Z [1m[92m    Checking[0m webbrowser v1.2.4
2026-09-05T21:31:04.2449011Z [1m[92m    Checking[0m arboard v3.6.1
2026-09-05T21:31:04.4208863Z [1m[92m    Checking[0m smithay-clipboard v0.7.3
2026-09-05T21:31:04.5729768Z [1m[92m    Checking[0m rust_robotics_algo v0.1.0 (/home/runner/work/RustRobotics/RustRobotics/rust_robotics_algo)
2026-09-05T21:31:05.2582067Z [1m[92m    Checking[0m rust_robotics_core v0.1.0 (/home/runner/work/RustRobotics/RustRobotics/rust_robotics_core)
2026-09-05T21:31:05.4038731Z [1m[92m    Checking[0m egui_glow v0.32.3
2026-09-05T21:31:05.4314788Z [1m[92m    Checking[0m burn v0.20.1
2026-09-05T21:31:05.4730183Z [1m[92m    Checking[0m egui-winit v0.32.3
2026-09-05T21:31:05.5248891Z [1m[92m    Checking[0m egui-wgpu v0.32.3
2026-09-05T21:31:05.8008890Z [1m[92m    Checking[0m sharded-slab v0.1.7
2026-09-05T21:31:05.8368858Z [1m[92m    Checking[0m tracing-log v0.2.0
2026-09-05T21:31:05.9047184Z [1m[92m    Checking[0m thread_local v1.1.10
2026-09-05T21:31:05.9838436Z [1m[92m    Checking[0m iana-time-zone v0.1.65
2026-09-05T21:31:06.0448846Z [1m[92m    Checking[0m pollster v0.4.0
2026-09-05T21:31:06.0859429Z [1m[92m    Checking[0m home v0.5.12
2026-09-05T21:31:06.1159679Z [1m[92m    Checking[0m nu-ansi-term v0.50.3
2026-09-05T21:31:06.1269230Z [1m[92m    Checking[0m eframe v0.32.3
2026-09-05T21:31:06.2489521Z [1m[92m    Checking[0m tracing-subscriber v0.3.23
2026-09-05T21:31:06.6589455Z [1m[92m    Checking[0m chrono v0.4.45
2026-09-05T21:31:06.8479271Z [1m[92m    Checking[0m rust_robotics_train v0.1.0 (/home/runner/work/RustRobotics/RustRobotics/rust_robotics_train)
2026-09-05T21:31:07.1649201Z [1m[92m   Compiling[0m rust_robotics_sim v0.1.0 (/home/runner/work/RustRobotics/RustRobotics/rust_robotics_sim)
2026-09-05T21:31:07.3279363Z [1m[92m    Checking[0m egui_plot v0.33.0
2026-09-05T21:31:08.2378783Z [1m[92m    Checking[0m wasm-bindgen-futures v0.4.78
2026-09-05T21:31:08.2411737Z [1m[92m    Checking[0m web-sys v0.3.105
2026-09-05T21:31:10.6410689Z [1m[91merror[0m[1m: `crate` references the macro call's crate[0m
2026-09-05T21:31:10.6411371Z    [1m[94m--> [0mrust_robotics_sim/src/item/mod.rs:150:42
2026-09-05T21:31:10.6411791Z     [1m[94m|[0m
2026-09-05T21:31:10.6418218Z [1m[94m150[0m [1m[94m|[0m             fn move_by(mut self, vector: crate::item::Vector) -> Self {
2026-09-05T21:31:10.6419208Z     [1m[94m|[0m                                          [1m[91m^^^^^[0m [1m[91mhelp: to reference the macro definition's crate, use: `$crate`[0m
2026-09-05T21:31:10.6419855Z     [1m[94m|[0m
2026-09-05T21:31:10.6420610Z     [1m[94m= [0m[1mhelp[0m: for further information visit https://rust-lang.github.io/rust-clippy/rust-1.98.0/index.html#crate_in_macro_def
2026-09-05T21:31:10.6421665Z     [1m[94m= [0m[1mnote[0m: `-D clippy::crate-in-macro-def` implied by `-D warnings`
2026-09-05T21:31:10.6422458Z     [1m[94m= [0m[1mhelp[0m: to override `-D warnings` add `#[allow(clippy::crate_in_macro_def)]`
2026-09-05T21:31:10.6422867Z 
2026-09-05T21:31:10.6599301Z [1m[91merror[0m[1m: unused import: `rust_robotics_algo::control::StateSpace`[0m
2026-09-05T21:31:10.6600184Z  [1m[94m--> [0mrust_robotics_sim/src/simulator/pendulum/tests.rs:4:5
2026-09-05T21:31:10.6600950Z   [1m[94m|[0m
2026-09-05T21:31:10.6601555Z [1m[94m4[0m [1m[94m|[0m use rust_robotics_algo::control::StateSpace;
2026-09-05T21:31:10.6602161Z   [1m[94m|[0m     [1m[91m^^^^^^^^^^^^^^^^^^^^^^^^^^^^^^^^^^^^^^^[0m
2026-09-05T21:31:10.6602595Z   [1m[94m|[0m
2026-09-05T21:31:10.6603041Z   [1m[94m= [0m[1mnote[0m: `-D unused-imports` implied by `-D warnings`
2026-09-05T21:31:10.6603724Z   [1m[94m= [0m[1mhelp[0m: to override `-D warnings` add `#[allow(unused_imports)]`
2026-09-05T21:31:10.6604097Z 
2026-09-05T21:31:10.8671414Z [1m[91merror[0m[1m: falling back to `f32` as the trait bound `f32: From<f64>` is not satisfied[0m
2026-09-05T21:31:10.8672192Z   [1m[94m--> [0mrust_robotics_sim/src/item/ellipse.rs:21:33
2026-09-05T21:31:10.8672621Z    [1m[94m|[0m
2026-09-05T21:31:10.8673350Z [1m[94m21[0m [1m[94m|[0m             stroke: Stroke::new(1.0, Color32::TRANSPARENT),
2026-09-05T21:31:10.8674158Z    [1m[94m|[0m                                 [1m[91m^^^[0m [1m[91mhelp: explicitly specify the type as `f32`: `1.0_f32`[0m
2026-09-05T21:31:10.8674730Z    [1m[94m|[0m
2026-09-05T21:31:10.8675542Z    [1m[94m= [0m[1mwarning[0m: this was previously accepted by the compiler but is being phased out; it will become a hard error in a future release!
2026-09-05T21:31:10.8676636Z    [1m[94m= [0m[1mnote[0m: for more information, see issue #154024 <https://github.com/rust-lang/rust/issues/154024>
2026-09-05T21:31:10.8677470Z    [1m[94m= [0m[1mnote[0m: `-D float-literal-f32-fallback` implied by `-D warnings`
2026-09-05T21:31:10.8678388Z    [1m[94m= [0m[1mhelp[0m: to override `-D warnings` add `#[allow(float_literal_f32_fallback)]`
2026-09-05T21:31:10.8679145Z 
2026-09-05T21:31:10.8686156Z [1m[91merror[0m[1m: falling back to `f32` as the trait bound `f32: From<f64>` is not satisfied[0m
2026-09-05T21:31:10.8686856Z   [1m[94m--> [0mrust_robotics_sim/src/item/ellipse.rs:79:33
2026-09-05T21:31:10.8687277Z    [1m[94m|[0m
2026-09-05T21:31:10.8688281Z [1m[94m79[0m [1m[94m|[0m             stroke: Stroke::new(1.0, Color32::TRANSPARENT),
2026-09-05T21:31:10.8689087Z    [1m[94m|[0m                                 [1m[91m^^^[0m [1m[91mhelp: explicitly specify the type as `f32`: `1.0_f32`[0m
2026-09-05T21:31:10.8689654Z    [1m[94m|[0m
2026-09-05T21:31:10.8690431Z    [1m[94m= [0m[1mwarning[0m: this was previously accepted by the compiler but is being phased out; it will become a hard error in a future release!
2026-09-05T21:31:10.8691750Z    [1m[94m= [0m[1mnote[0m: for more information, see issue #154024 <https://github.com/rust-lang/rust/issues/154024>
2026-09-05T21:31:10.8692267Z 
2026-09-05T21:31:10.8692728Z [1m[91merror[0m[1m: falling back to `f32` as the trait bound `f32: From<f64>` is not satisfied[0m
2026-09-05T21:31:10.8693639Z   [1m[94m--> [0mrust_robotics_sim/src/item/rectangle.rs:20:33
2026-09-05T21:31:10.8694053Z    [1m[94m|[0m
2026-09-05T21:31:10.8694589Z [1m[94m20[0m [1m[94m|[0m             stroke: Stroke::new(1.0, Color32::TRANSPARENT),
2026-09-05T21:31:10.8695377Z    [1m[94m|[0m                                 [1m[91m^^^[0m [1m[91mhelp: explicitly specify the type as `f32`: `1.0_f32`[0m
2026-09-05T21:31:10.8695925Z    [1m[94m|[0m
2026-09-05T21:31:10.8696708Z    [1m[94m= [0m[1mwarning[0m: this was previously accepted by the compiler but is being phased out; it will become a hard error in a future release!
2026-09-05T21:31:10.8697996Z    [1m[94m= [0m[1mnote[0m: for more information, see issue #154024 <https://github.com/rust-lang/rust/issues/154024>
2026-09-05T21:31:10.8698487Z 
2026-09-05T21:31:10.8821426Z [1m[91merror[0m[1m: falling back to `f32` as the trait bound `f32: From<f64>` is not satisfied[0m
2026-09-05T21:31:10.8822342Z    [1m[94m--> [0mrust_robotics_sim/src/simulator/common/visualization.rs:188:39
2026-09-05T21:31:10.8822839Z     [1m[94m|[0m
2026-09-05T21:31:10.8823842Z [1m[94m188[0m [1m[94m|[0m             .stroke(egui::Stroke::new(1.5, color.gamma_multiply(0.7)))
2026-09-05T21:31:10.8824764Z     [1m[94m|[0m                                       [1m[91m^^^[0m [1m[91mhelp: explicitly specify the type as `f32`: `1.5_f32`[0m
2026-09-05T21:31:10.8825360Z     [1m[94m|[0m
2026-09-05T21:31:10.8826145Z     [1m[94m= [0m[1mwarning[0m: this was previously accepted by the compiler but is being phased out; it will become a hard error in a future release!
2026-09-05T21:31:10.8827301Z     [1m[94m= [0m[1mnote[0m: for more information, see issue #154024 <https://github.com/rust-lang/rust/issues/154024>
2026-09-05T21:31:10.8827984Z 
2026-09-05T21:31:10.9043881Z [1m[91merror[0m[1m: falling back to `f32` as the trait bound `f32: From<f64>` is not satisfied[0m
2026-09-05T21:31:10.9044705Z    [1m[94m--> [0mrust_robotics_sim/src/simulator/localization.rs:509:68
2026-09-05T21:31:10.9045178Z     [1m[94m|[0m
2026-09-05T21:31:10.9045978Z [1m[94m509[0m [1m[94m|[0m             plot_ui.points(Points::new("", marker_values()).radius(5.0));
2026-09-05T21:31:10.9046975Z     [1m[94m|[0m                                                                    [1m[91m^^^[0m [1m[91mhelp: explicitly specify the type as `f32`: `5.0_f32`[0m
2026-09-05T21:31:10.9047808Z     [1m[94m|[0m
2026-09-05T21:31:10.9048594Z     [1m[94m= [0m[1mwarning[0m: this was previously accepted by the compiler but is being phased out; it will become a hard error in a future release!
2026-09-05T21:31:10.9049748Z     [1m[94m= [0m[1mnote[0m: for more information, see issue #154024 <https://github.com/rust-lang/rust/issues/154024>
2026-09-05T21:31:10.9050250Z 
2026-09-05T21:31:10.9704255Z [1m[91merror[0m[1m: falling back to `f32` as the trait bound `f32: From<f64>` is not satisfied[0m
2026-09-05T21:31:10.9705265Z    [1m[94m--> [0mrust_robotics_sim/src/simulator/mujoco/native.rs:886:33
2026-09-05T21:31:10.9705762Z     [1m[94m|[0m
2026-09-05T21:31:10.9706717Z [1m[94m886[0m [1m[94m|[0m                     Stroke::new(1.5, Color32::from_rgb(255, 220, 220)),
2026-09-05T21:31:10.9707732Z     [1m[94m|[0m                                 [1m[91m^^^[0m [1m[91mhelp: explicitly specify the type as `f32`: `1.5_f32`[0m
2026-09-05T21:31:10.9708315Z     [1m[94m|[0m
2026-09-05T21:31:10.9709096Z     [1m[94m= [0m[1mwarning[0m: this was previously accepted by the compiler but is being phased out; it will become a hard error in a future release!
2026-09-05T21:31:10.9710514Z     [1m[94m= [0m[1mnote[0m: for more information, see issue #154024 <https://github.com/rust-lang/rust/issues/154024>
2026-09-05T21:31:10.9711020Z 
2026-09-05T21:31:10.9711463Z [1m[91merror[0m[1m: falling back to `f32` as the trait bound `f32: From<f64>` is not satisfied[0m
2026-09-05T21:31:10.9712179Z    [1m[94m--> [0mrust_robotics_sim/src/simulator/mujoco/native.rs:911:25
2026-09-05T21:31:10.9712642Z     [1m[94m|[0m
2026-09-05T21:31:10.9713342Z [1m[94m911[0m [1m[94m|[0m             Stroke::new(2.0, Color32::from_rgb(255, 245, 245)),
2026-09-05T21:31:10.9714116Z     [1m[94m|[0m                         [1m[91m^^^[0m [1m[91mhelp: explicitly specify the type as `f32`: `2.0_f32`[0m
2026-09-05T21:31:10.9714657Z     [1m[94m|[0m
2026-09-05T21:31:10.9715419Z     [1m[94m= [0m[1mwarning[0m: this was previously accepted by the compiler but is being phased out; it will become a hard error in a future release!
2026-09-05T21:31:10.9716543Z     [1m[94m= [0m[1mnote[0m: for more information, see issue #154024 <https://github.com/rust-lang/rust/issues/154024>
2026-09-05T21:31:10.9717032Z 
2026-09-05T21:31:10.9717433Z [1m[91merror[0m[1m: falling back to `f32` as the trait bound `f32: From<f64>` is not satisfied[0m
2026-09-05T21:31:10.9718375Z    [1m[94m--> [0mrust_robotics_sim/src/simulator/mujoco/native.rs:916:25
2026-09-05T21:31:10.9718829Z     [1m[94m|[0m
2026-09-05T21:31:10.9719445Z [1m[94m916[0m [1m[94m|[0m             Stroke::new(1.5, Color32::from_rgba_unmultiplied(220, 70, 70, 220)),
2026-09-05T21:31:10.9720294Z     [1m[94m|[0m                         [1m[91m^^^[0m [1m[91mhelp: explicitly specify the type as `f32`: `1.5_f32`[0m
2026-09-05T21:31:10.9720828Z     [1m[94m|[0m
2026-09-05T21:31:10.9721589Z     [1m[94m= [0m[1mwarning[0m: this was previously accepted by the compiler but is being phased out; it will become a hard error in a future release!
2026-09-05T21:31:10.9722675Z     [1m[94m= [0m[1mnote[0m: for more information, see issue #154024 <https://github.com/rust-lang/rust/issues/154024>
2026-09-05T21:31:10.9723159Z 
2026-09-05T21:31:10.9723574Z [1m[91merror[0m[1m: falling back to `f32` as the trait bound `f32: From<f64>` is not satisfied[0m
2026-09-05T21:31:10.9724301Z    [1m[94m--> [0mrust_robotics_sim/src/simulator/mujoco/native.rs:920:25
2026-09-05T21:31:10.9724744Z     [1m[94m|[0m
2026-09-05T21:31:10.9725210Z [1m[94m920[0m [1m[94m|[0m             Stroke::new(1.5, Color32::from_rgb(255, 245, 245)),
2026-09-05T21:31:10.9725904Z     [1m[94m|[0m                         [1m[91m^^^[0m [1m[91mhelp: explicitly specify the type as `f32`: `1.5_f32`[0m
2026-09-05T21:31:10.9726463Z     [1m[94m|[0m
2026-09-05T21:31:10.9727241Z     [1m[94m= [0m[1mwarning[0m: this was previously accepted by the compiler but is being phased out; it will become a hard error in a future release!
2026-09-05T21:31:10.9730718Z     [1m[94m= [0m[1mnote[0m: for more information, see issue #154024 <https://github.com/rust-lang/rust/issues/154024>
2026-09-05T21:31:10.9731249Z 
2026-09-05T21:31:10.9731658Z [1m[91merror[0m[1m: falling back to `f32` as the trait bound `f32: From<f64>` is not satisfied[0m
2026-09-05T21:31:10.9732377Z    [1m[94m--> [0mrust_robotics_sim/src/simulator/mujoco/native.rs:924:25
2026-09-05T21:31:10.9732834Z     [1m[94m|[0m
2026-09-05T21:31:10.9733365Z [1m[94m924[0m [1m[94m|[0m             Stroke::new(1.5, Color32::from_rgb(255, 245, 245)),
2026-09-05T21:31:10.9734344Z     [1m[94m|[0m                         [1m[91m^^^[0m [1m[91mhelp: explicitly specify the type as `f32`: `1.5_f32`[0m
2026-09-05T21:31:10.9734919Z     [1m[94m|[0m
2026-09-05T21:31:10.9735703Z     [1m[94m= [0m[1mwarning[0m: this was previously accepted by the compiler but is being phased out; it will become a hard error in a future release!
2026-09-05T21:31:10.9736801Z     [1m[94m= [0m[1mnote[0m: for more information, see issue #154024 <https://github.com/rust-lang/rust/issues/154024>
2026-09-05T21:31:10.9737486Z 
2026-09-05T21:31:10.9746792Z [1m[91merror[0m[1m: falling back to `f32` as the trait bound `f32: From<f64>` is not satisfied[0m
2026-09-05T21:31:10.9748144Z     [1m[94m--> [0mrust_robotics_sim/src/simulator/mujoco/native.rs:1044:38
2026-09-05T21:31:10.9748860Z      [1m[94m|[0m
2026-09-05T21:31:10.9749509Z [1m[94m1044[0m [1m[94m|[0m             let stroke = Stroke::new(1.0, Color32::from_gray(40));
2026-09-05T21:31:10.9750377Z      [1m[94m|[0m                                      [1m[91m^^^[0m [1m[91mhelp: explicitly specify the type as `f32`: `1.0_f32`[0m
2026-09-05T21:31:10.9750991Z      [1m[94m|[0m
2026-09-05T21:31:10.9751785Z      [1m[94m= [0m[1mwarning[0m: this was previously accepted by the compiler but is being phased out; it will become a hard error in a future release!
2026-09-05T21:31:10.9752932Z      [1m[94m= [0m[1mnote[0m: for more information, see issue #154024 <https://github.com/rust-lang/rust/issues/154024>
2026-09-05T21:31:10.9753454Z 
2026-09-05T21:31:10.9753871Z [1m[91merror[0m[1m: falling back to `f32` as the trait bound `f32: From<f64>` is not satisfied[0m
2026-09-05T21:31:10.9754593Z     [1m[94m--> [0mrust_robotics_sim/src/simulator/mujoco/native.rs:1061:34
2026-09-05T21:31:10.9755058Z      [1m[94m|[0m
2026-09-05T21:31:10.9755605Z [1m[94m1061[0m [1m[94m|[0m         let stroke = Stroke::new(1.0, Color32::from_gray(45));
2026-09-05T21:31:10.9756385Z      [1m[94m|[0m                                  [1m[91m^^^[0m [1m[91mhelp: explicitly specify the type as `f32`: `1.0_f32`[0m
2026-09-05T21:31:10.9756941Z      [1m[94m|[0m
2026-09-05T21:31:10.9757851Z      [1m[94m= [0m[1mwarning[0m: this was previously accepted by the compiler but is being phased out; it will become a hard error in a future release!
2026-09-05T21:31:10.9758942Z      [1m[94m= [0m[1mnote[0m: for more information, see issue #154024 <https://github.com/rust-lang/rust/issues/154024>
2026-09-05T21:31:10.9759429Z 
2026-09-05T21:31:10.9780052Z [1m[91merror[0m[1m: falling back to `f32` as the trait bound `f32: From<f64>` is not satisfied[0m
2026-09-05T21:31:10.9780843Z     [1m[94m--> [0mrust_robotics_sim/src/simulator/mujoco/native.rs:1175:37
2026-09-05T21:31:10.9781335Z      [1m[94m|[0m
2026-09-05T21:31:10.9781870Z [1m[94m1175[0m [1m[94m|[0m                         Stroke::new(1.0, shaded_color),
2026-09-05T21:31:10.9782672Z      [1m[94m|[0m                                     [1m[91m^^^[0m [1m[91mhelp: explicitly specify the type as `f32`: `1.0_f32`[0m
2026-09-05T21:31:10.9783265Z      [1m[94m|[0m
2026-09-05T21:31:10.9784112Z      [1m[94m= [0m[1mwarning[0m: this was previously accepted by the compiler but is being phased out; it will become a hard error in a future release!
2026-09-05T21:31:10.9785258Z      [1m[94m= [0m[1mnote[0m: for more information, see issue #154024 <https://github.com/rust-lang/rust/issues/154024>
2026-09-05T21:31:10.9785776Z 
2026-09-05T21:31:11.0374566Z [1m[91merror[0m[1m: falling back to `f32` as the trait bound `f32: From<f64>` is not satisfied[0m
2026-09-05T21:31:11.0375427Z    [1m[94m--> [0mrust_robotics_sim/src/simulator/path_planning.rs:856:28
2026-09-05T21:31:11.0375907Z     [1m[94m|[0m
2026-09-05T21:31:11.0376296Z [1m[94m856[0m [1m[94m|[0m                     .width(0.5),
2026-09-05T21:31:11.0377032Z     [1m[94m|[0m                            [1m[91m^^^[0m [1m[91mhelp: explicitly specify the type as `f32`: `0.5_f32`[0m
2026-09-05T21:31:11.0377747Z     [1m[94m|[0m
2026-09-05T21:31:11.0378752Z     [1m[94m= [0m[1mwarning[0m: this was previously accepted by the compiler but is being phased out; it will become a hard error in a future release!
2026-09-05T21:31:11.0379976Z     [1m[94m= [0m[1mnote[0m: for more information, see issue #154024 <https://github.com/rust-lang/rust/issues/154024>
2026-09-05T21:31:11.0380491Z 
2026-09-05T21:31:11.0380915Z [1m[91merror[0m[1m: falling back to `f32` as the trait bound `f32: From<f64>` is not satisfied[0m
2026-09-05T21:31:11.0381820Z    [1m[94m--> [0mrust_robotics_sim/src/simulator/path_planning.rs:867:28
2026-09-05T21:31:11.0382288Z     [1m[94m|[0m
2026-09-05T21:31:11.0382666Z [1m[94m867[0m [1m[94m|[0m                     .width(0.5),
2026-09-05T21:31:11.0383412Z     [1m[94m|[0m                            [1m[91m^^^[0m [1m[91mhelp: explicitly specify the type as `f32`: `0.5_f32`[0m
2026-09-05T21:31:11.0383970Z     [1m[94m|[0m
2026-09-05T21:31:11.0384753Z     [1m[94m= [0m[1mwarning[0m: this was previously accepted by the compiler but is being phased out; it will become a hard error in a future release!
2026-09-05T21:31:11.0385933Z     [1m[94m= [0m[1mnote[0m: for more information, see issue #154024 <https://github.com/rust-lang/rust/issues/154024>
2026-09-05T21:31:11.0386430Z 
2026-09-05T21:31:11.0386843Z [1m[91merror[0m[1m: falling back to `f32` as the trait bound `f32: From<f64>` is not satisfied[0m
2026-09-05T21:31:11.0387751Z    [1m[94m--> [0mrust_robotics_sim/src/simulator/path_planning.rs:888:47
2026-09-05T21:31:11.0388223Z     [1m[94m|[0m
2026-09-05T21:31:11.0388960Z [1m[94m888[0m [1m[94m|[0m                     .stroke(egui::Stroke::new(1.0, Color32::from_gray(60))),
2026-09-05T21:31:11.0389856Z     [1m[94m|[0m                                               [1m[91m^^^[0m [1m[91mhelp: explicitly specify the type as `f32`: `1.0_f32`[0m
2026-09-05T21:31:11.0390457Z     [1m[94m|[0m
2026-09-05T21:31:11.0391254Z     [1m[94m= [0m[1mwarning[0m: this was previously accepted by the compiler but is being phased out; it will become a hard error in a future release!
2026-09-05T21:31:11.0392387Z     [1m[94m= [0m[1mnote[0m: for more information, see issue #154024 <https://github.com/rust-lang/rust/issues/154024>
2026-09-05T21:31:11.0392878Z 
2026-09-05T21:31:11.0393315Z [1m[91merror[0m[1m: falling back to `f32` as the trait bound `f32: From<f64>` is not satisfied[0m
2026-09-05T21:31:11.0394023Z    [1m[94m--> [0mrust_robotics_sim/src/simulator/path_planning.rs:900:47
2026-09-05T21:31:11.0394489Z     [1m[94m|[0m
2026-09-05T21:31:11.0395082Z [1m[94m900[0m [1m[94m|[0m                     .stroke(egui::Stroke::new(1.0, Color32::from_gray(60))),
2026-09-05T21:31:11.0395926Z     [1m[94m|[0m                                               [1m[91m^^^[0m [1m[91mhelp: explicitly specify the type as `f32`: `1.0_f32`[0m
2026-09-05T21:31:11.0396526Z     [1m[94m|[0m
2026-09-05T21:31:11.0397313Z     [1m[94m= [0m[1mwarning[0m: this was previously accepted by the compiler but is being phased out; it will become a hard error in a future release!
2026-09-05T21:31:11.0398575Z     [1m[94m= [0m[1mnote[0m: for more information, see issue #154024 <https://github.com/rust-lang/rust/issues/154024>
2026-09-05T21:31:11.0399060Z 
2026-09-05T21:31:11.0399485Z [1m[91merror[0m[1m: falling back to `f32` as the trait bound `f32: From<f64>` is not satisfied[0m
2026-09-05T21:31:11.0400189Z    [1m[94m--> [0mrust_robotics_sim/src/simulator/path_planning.rs:974:80
2026-09-05T21:31:11.0400651Z     [1m[94m|[0m
2026-09-05T21:31:11.0401277Z [1m[94m974[0m [1m[94m|[0m                     plot_ui.line(Line::new("", points).color(line_color).width(1.0));
2026-09-05T21:31:11.0402258Z     [1m[94m|[0m                                                                                [1m[91m^^^[0m [1m[91mhelp: explicitly specify the type as `f32`: `1.0_f32`[0m
2026-09-05T21:31:11.0402919Z     [1m[94m|[0m
2026-09-05T21:31:11.0403864Z     [1m[94m= [0m[1mwarning[0m: this was previously accepted by the compiler but is being phased out; it will become a hard error in a future release!
2026-09-05T21:31:11.0404990Z     [1m[94m= [0m[1mnote[0m: for more information, see issue #154024 <https://github.com/rust-lang/rust/issues/154024>
2026-09-05T21:31:11.0405491Z 
2026-09-05T21:31:11.0405913Z [1m[91merror[0m[1m: falling back to `f32` as the trait bound `f32: From<f64>` is not satisfied[0m
2026-09-05T21:31:11.0406653Z     [1m[94m--> [0mrust_robotics_sim/src/simulator/path_planning.rs:1004:28
2026-09-05T21:31:11.0407319Z      [1m[94m|[0m
2026-09-05T21:31:11.0407842Z [1m[94m1004[0m [1m[94m|[0m                     .width(3.0),
2026-09-05T21:31:11.0408578Z      [1m[94m|[0m                            [1m[91m^^^[0m [1m[91mhelp: explicitly specify the type as `f32`: `3.0_f32`[0m
2026-09-05T21:31:11.0409148Z      [1m[94m|[0m
2026-09-05T21:31:11.0409940Z      [1m[94m= [0m[1mwarning[0m: this was previously accepted by the compiler but is being phased out; it will become a hard error in a future release!
2026-09-05T21:31:11.0411051Z      [1m[94m= [0m[1mnote[0m: for more information, see issue #154024 <https://github.com/rust-lang/rust/issues/154024>
2026-09-05T21:31:11.0411544Z 
2026-09-05T21:31:11.0411966Z [1m[91merror[0m[1m: falling back to `f32` as the trait bound `f32: From<f64>` is not satisfied[0m
2026-09-05T21:31:11.0412692Z     [1m[94m--> [0mrust_robotics_sim/src/simulator/path_planning.rs:1018:47
2026-09-05T21:31:11.0413167Z      [1m[94m|[0m
2026-09-05T21:31:11.0413802Z [1m[94m1018[0m [1m[94m|[0m                     .stroke(egui::Stroke::new(2.0, Color32::from_rgb(30, 150, 30))),
2026-09-05T21:31:11.0414620Z      [1m[94m|[0m                                               [1m[91m^^^[0m [1m[91mhelp: explicitly specify the type as `f32`: `2.0_f32`[0m
2026-09-05T21:31:11.0415185Z      [1m[94m|[0m
2026-09-05T21:31:11.0415947Z      [1m[94m= [0m[1mwarning[0m: this was previously accepted by the compiler but is being phased out; it will become a hard error in a future release!
2026-09-05T21:31:11.0417061Z      [1m[94m= [0m[1mnote[0m: for more information, see issue #154024 <https://github.com/rust-lang/rust/issues/154024>
2026-09-05T21:31:11.0417709Z 
2026-09-05T21:31:11.0418134Z [1m[91merror[0m[1m: falling back to `f32` as the trait bound `f32: From<f64>` is not satisfied[0m
2026-09-05T21:31:11.0418836Z     [1m[94m--> [0mrust_robotics_sim/src/simulator/path_planning.rs:1031:47
2026-09-05T21:31:11.0419316Z      [1m[94m|[0m
2026-09-05T21:31:11.0419954Z [1m[94m1031[0m [1m[94m|[0m                     .stroke(egui::Stroke::new(2.0, Color32::from_rgb(150, 30, 30))),
2026-09-05T21:31:11.0420821Z      [1m[94m|[0m                                               [1m[91m^^^[0m [1m[91mhelp: explicitly specify the type as `f32`: `2.0_f32`[0m
2026-09-05T21:31:11.0421400Z      [1m[94m|[0m
2026-09-05T21:31:11.0422177Z      [1m[94m= [0m[1mwarning[0m: this was previously accepted by the compiler but is being phased out; it will become a hard error in a future release!
2026-09-05T21:31:11.0423307Z      [1m[94m= [0m[1mnote[0m: for more information, see issue #154024 <https://github.com/rust-lang/rust/issues/154024>
2026-09-05T21:31:11.0423798Z 
2026-09-05T21:31:11.0424751Z [1m[91merror[0m[1m: falling back to `f32` as the trait bound `f32: From<f64>` is not satisfied[0m
2026-09-05T21:31:11.0425530Z     [1m[94m--> [0mrust_robotics_sim/src/simulator/path_planning.rs:1117:28
2026-09-05T21:31:11.0426088Z      [1m[94m|[0m
2026-09-05T21:31:11.0426551Z [1m[94m1117[0m [1m[94m|[0m                     .width(1.0),
2026-09-05T21:31:11.0427328Z      [1m[94m|[0m                            [1m[91m^^^[0m [1m[91mhelp: explicitly specify the type as `f32`: `1.0_f32`[0m
2026-09-05T21:31:11.0428067Z      [1m[94m|[0m
2026-09-05T21:31:11.0428863Z      [1m[94m= [0m[1mwarning[0m: this was previously accepted by the compiler but is being phased out; it will become a hard error in a future release!
2026-09-05T21:31:11.0430175Z      [1m[94m= [0m[1mnote[0m: for more information, see issue #154024 <https://github.com/rust-lang/rust/issues/154024>
2026-09-05T21:31:11.0430725Z 
2026-09-05T21:31:11.1362583Z [1m[91merror[0m[1m: falling back to `f32` as the trait bound `f32: From<f64>` is not satisfied[0m
2026-09-05T21:31:11.1363383Z     [1m[94m--> [0mrust_robotics_sim/src/simulator/slam.rs:1028:29
2026-09-05T21:31:11.1363817Z      [1m[94m|[0m
2026-09-05T21:31:11.1364446Z [1m[94m1028[0m [1m[94m|[0m                     .radius(6.0)
2026-09-05T21:31:11.1365142Z      [1m[94m|[0m                             [1m[91m^^^[0m [1m[91mhelp: explicitly specify the type as `f32`: `6.0_f32`[0m
2026-09-05T21:31:11.1365691Z      [1m[94m|[0m
2026-09-05T21:31:11.1366468Z      [1m[94m= [0m[1mwarning[0m: this was previously accepted by the compiler but is being phased out; it will become a hard error in a future release!
2026-09-05T21:31:11.1367776Z      [1m[94m= [0m[1mnote[0m: for more information, see issue #154024 <https://github.com/rust-lang/rust/issues/154024>
2026-09-05T21:31:11.1368305Z 
2026-09-05T21:31:11.1368721Z [1m[91merror[0m[1m: falling back to `f32` as the trait bound `f32: From<f64>` is not satisfied[0m
2026-09-05T21:31:11.1369416Z     [1m[94m--> [0mrust_robotics_sim/src/simulator/slam.rs:1040:37
2026-09-05T21:31:11.1369850Z      [1m[94m|[0m
2026-09-05T21:31:11.1370270Z [1m[94m1040[0m [1m[94m|[0m [1m[94m...[0m                   .radius(5.0)
2026-09-05T21:31:11.1371015Z      [1m[94m|[0m                               [1m[91m^^^[0m [1m[91mhelp: explicitly specify the type as `f32`: `5.0_f32`[0m
2026-09-05T21:31:11.1371555Z      [1m[94m|[0m
2026-09-05T21:31:11.1372327Z      [1m[94m= [0m[1mwarning[0m: this was previously accepted by the compiler but is being phased out; it will become a hard error in a future release!
2026-09-05T21:31:11.1373468Z      [1m[94m= [0m[1mnote[0m: for more information, see issue #154024 <https://github.com/rust-lang/rust/issues/154024>
2026-09-05T21:31:11.1373975Z 
2026-09-05T21:31:11.1374390Z [1m[91merror[0m[1m: falling back to `f32` as the trait bound `f32: From<f64>` is not satisfied[0m
2026-09-05T21:31:11.1375068Z     [1m[94m--> [0mrust_robotics_sim/src/simulator/slam.rs:1049:63
2026-09-05T21:31:11.1375498Z      [1m[94m|[0m
2026-09-05T21:31:11.1376334Z [1m[94m1049[0m [1m[94m|[0m [1m[94m...[0m                   .stroke(egui::Stroke::new(1.5, EKF_COLOR.gamma_multiply(0.7)))
2026-09-05T21:31:11.1377279Z      [1m[94m|[0m                                                 [1m[91m^^^[0m [1m[91mhelp: explicitly specify the type as `f32`: `1.5_f32`[0m
2026-09-05T21:31:11.1378024Z      [1m[94m|[0m
2026-09-05T21:31:11.1378796Z      [1m[94m= [0m[1mwarning[0m: this was previously accepted by the compiler but is being phased out; it will become a hard error in a future release!
2026-09-05T21:31:11.1379970Z      [1m[94m= [0m[1mnote[0m: for more information, see issue #154024 <https://github.com/rust-lang/rust/issues/154024>
2026-09-05T21:31:11.1380447Z 
2026-09-05T21:31:11.1380853Z [1m[91merror[0m[1m: falling back to `f32` as the trait bound `f32: From<f64>` is not satisfied[0m
2026-09-05T21:31:11.1381508Z     [1m[94m--> [0mrust_robotics_sim/src/simulator/slam.rs:1081:51
2026-09-05T21:31:11.1381924Z      [1m[94m|[0m
2026-09-05T21:31:11.1382539Z [1m[94m1081[0m [1m[94m|[0m                         .stroke(egui::Stroke::new(1.5, EKF_COLOR.gamma_multiply(0.7)))
2026-09-05T21:31:11.1383434Z      [1m[94m|[0m                                                   [1m[91m^^^[0m [1m[91mhelp: explicitly specify the type as `f32`: `1.5_f32`[0m
2026-09-05T21:31:11.1384012Z      [1m[94m|[0m
2026-09-05T21:31:11.1384794Z      [1m[94m= [0m[1mwarning[0m: this was previously accepted by the compiler but is being phased out; it will become a hard error in a future release!
2026-09-05T21:31:11.1385909Z      [1m[94m= [0m[1mnote[0m: for more information, see issue #154024 <https://github.com/rust-lang/rust/issues/154024>
2026-09-05T21:31:11.1386398Z 
2026-09-05T21:31:11.1387075Z [1m[91merror[0m[1m: falling back to `f32` as the trait bound `f32: From<f64>` is not satisfied[0m
2026-09-05T21:31:11.1388582Z     [1m[94m--> [0mrust_robotics_sim/src/simulator/slam.rs:1093:33
2026-09-05T21:31:11.1389025Z      [1m[94m|[0m
2026-09-05T21:31:11.1389419Z [1m[94m1093[0m [1m[94m|[0m                         .radius(5.0)
2026-09-05T21:31:11.1390344Z      [1m[94m|[0m                                 [1m[91m^^^[0m [1m[91mhelp: explicitly specify the type as `f32`: `5.0_f32`[0m
2026-09-05T21:31:11.1390932Z      [1m[94m|[0m
2026-09-05T21:31:11.1391741Z      [1m[94m= [0m[1mwarning[0m: this was previously accepted by the compiler but is being phased out; it will become a hard error in a future release!
2026-09-05T21:31:11.1392877Z      [1m[94m= [0m[1mnote[0m: for more information, see issue #154024 <https://github.com/rust-lang/rust/issues/154024>
2026-09-05T21:31:11.1393369Z 
2026-09-05T21:31:11.1393938Z [1m[91merror[0m[1m: falling back to `f32` as the trait bound `f32: From<f64>` is not satisfied[0m
2026-09-05T21:31:11.1394624Z     [1m[94m--> [0mrust_robotics_sim/src/simulator/slam.rs:1114:32
2026-09-05T21:31:11.1395064Z      [1m[94m|[0m
2026-09-05T21:31:11.1395464Z [1m[94m1114[0m [1m[94m|[0m                         .width(2.0),
2026-09-05T21:31:11.1396188Z      [1m[94m|[0m                                [1m[91m^^^[0m [1m[91mhelp: explicitly specify the type as `f32`: `2.0_f32`[0m
2026-09-05T21:31:11.1396767Z      [1m[94m|[0m
2026-09-05T21:31:11.1397536Z      [1m[94m= [0m[1mwarning[0m: this was previously accepted by the compiler but is being phased out; it will become a hard error in a future release!
2026-09-05T21:31:11.1398807Z      [1m[94m= [0m[1mnote[0m: for more information, see issue #154024 <https://github.com/rust-lang/rust/issues/154024>
2026-09-05T21:31:11.1399295Z 
2026-09-05T21:31:11.1399697Z [1m[91merror[0m[1m: falling back to `f32` as the trait bound `f32: From<f64>` is not satisfied[0m
2026-09-05T21:31:11.1400402Z     [1m[94m--> [0mrust_robotics_sim/src/simulator/slam.rs:1124:33
2026-09-05T21:31:11.1400822Z      [1m[94m|[0m
2026-09-05T21:31:11.1401204Z [1m[94m1124[0m [1m[94m|[0m                         .radius(3.0)
2026-09-05T21:31:11.1401925Z      [1m[94m|[0m                                 [1m[91m^^^[0m [1m[91mhelp: explicitly specify the type as `f32`: `3.0_f32`[0m
2026-09-05T21:31:11.1402496Z      [1m[94m|[0m
2026-09-05T21:31:11.1403269Z      [1m[94m= [0m[1mwarning[0m: this was previously accepted by the compiler but is being phased out; it will become a hard error in a future release!
2026-09-05T21:31:11.1404379Z      [1m[94m= [0m[1mnote[0m: for more information, see issue #154024 <https://github.com/rust-lang/rust/issues/154024>
2026-09-05T21:31:11.1404871Z 
2026-09-05T21:31:11.1405423Z [1m[91merror[0m[1m: falling back to `f32` as the trait bound `f32: From<f64>` is not satisfied[0m
2026-09-05T21:31:11.1406100Z     [1m[94m--> [0mrust_robotics_sim/src/simulator/slam.rs:1161:32
2026-09-05T21:31:11.1406512Z      [1m[94m|[0m
2026-09-05T21:31:11.1406878Z [1m[94m1161[0m [1m[94m|[0m                         .width(1.5),
2026-09-05T21:31:11.1407702Z      [1m[94m|[0m                                [1m[91m^^^[0m [1m[91mhelp: explicitly specify the type as `f32`: `1.5_f32`[0m
2026-09-05T21:31:11.1408244Z      [1m[94m|[0m
2026-09-05T21:31:11.1408998Z      [1m[94m= [0m[1mwarning[0m: this was previously accepted by the compiler but is being phased out; it will become a hard error in a future release!
2026-09-05T21:31:11.1410063Z      [1m[94m= [0m[1mnote[0m: for more information, see issue #154024 <https://github.com/rust-lang/rust/issues/154024>
2026-09-05T21:31:11.1410530Z 
2026-09-05T21:31:11.1631833Z [1m[91merror[0m[1m: falling back to `f32` as the trait bound `f32: From<f64>` is not satisfied[0m
2026-09-05T21:31:11.1632657Z    [1m[94m--> [0mrust_robotics_sim/src/simulator/ui/pendulum.rs:118:25
2026-09-05T21:31:11.1633374Z     [1m[94m|[0m
2026-09-05T21:31:11.1634153Z [1m[94m118[0m [1m[94m|[0m             Stroke::new(1.0, visuals.widgets.noninteractive.bg_stroke.color),
2026-09-05T21:31:11.1635007Z     [1m[94m|[0m                         [1m[91m^^^[0m [1m[91mhelp: explicitly specify the type as `f32`: `1.0_f32`[0m
2026-09-05T21:31:11.1635556Z     [1m[94m|[0m
2026-09-05T21:31:11.1636504Z     [1m[94m= [0m[1mwarning[0m: this was previously accepted by the compiler but is being phased out; it will become a hard error in a future release!
2026-09-05T21:31:11.1637781Z     [1m[94m= [0m[1mnote[0m: for more information, see issue #154024 <https://github.com/rust-lang/rust/issues/154024>
2026-09-05T21:31:11.1638276Z 
2026-09-05T21:31:11.1638722Z [1m[91merror[0m[1m: falling back to `f32` as the trait bound `f32: From<f64>` is not satisfied[0m
2026-09-05T21:31:11.1639427Z    [1m[94m--> [0mrust_robotics_sim/src/simulator/ui/pendulum.rs:213:29
2026-09-05T21:31:11.1639865Z     [1m[94m|[0m
2026-09-05T21:31:11.1640382Z [1m[94m213[0m [1m[94m|[0m                 Stroke::new(1.0, grid_color),
2026-09-05T21:31:11.1641102Z     [1m[94m|[0m                             [1m[91m^^^[0m [1m[91mhelp: explicitly specify the type as `f32`: `1.0_f32`[0m
2026-09-05T21:31:11.1641640Z     [1m[94m|[0m
2026-09-05T21:31:11.1642421Z     [1m[94m= [0m[1mwarning[0m: this was previously accepted by the compiler but is being phased out; it will become a hard error in a future release!
2026-09-05T21:31:11.1643626Z     [1m[94m= [0m[1mnote[0m: for more information, see issue #154024 <https://github.com/rust-lang/rust/issues/154024>
2026-09-05T21:31:11.1644127Z 
2026-09-05T21:31:11.1644536Z [1m[91merror[0m[1m: falling back to `f32` as the trait bound `f32: From<f64>` is not satisfied[0m
2026-09-05T21:31:11.1645231Z    [1m[94m--> [0mrust_robotics_sim/src/simulator/ui/pendulum.rs:228:29
2026-09-05T21:31:11.1645674Z     [1m[94m|[0m
2026-09-05T21:31:11.1646146Z [1m[94m228[0m [1m[94m|[0m                 Stroke::new(1.0, grid_color),
2026-09-05T21:31:11.1646857Z     [1m[94m|[0m                             [1m[91m^^^[0m [1m[91mhelp: explicitly specify the type as `f32`: `1.0_f32`[0m
2026-09-05T21:31:11.1647417Z     [1m[94m|[0m
2026-09-05T21:31:11.1648355Z     [1m[94m= [0m[1mwarning[0m: this was previously accepted by the compiler but is being phased out; it will become a hard error in a future release!
2026-09-05T21:31:11.1649483Z     [1m[94m= [0m[1mnote[0m: for more information, see issue #154024 <https://github.com/rust-lang/rust/issues/154024>
2026-09-05T21:31:11.1649975Z 
2026-09-05T21:31:11.1650376Z [1m[91merror[0m[1m: falling back to `f32` as the trait bound `f32: From<f64>` is not satisfied[0m
2026-09-05T21:31:11.1651055Z    [1m[94m--> [0mrust_robotics_sim/src/simulator/ui/pendulum.rs:239:29
2026-09-05T21:31:11.1651492Z     [1m[94m|[0m
2026-09-05T21:31:11.1652113Z [1m[94m239[0m [1m[94m|[0m                 Stroke::new(1.5, visuals.widgets.noninteractive.fg_stroke.color),
2026-09-05T21:31:11.1652958Z     [1m[94m|[0m                             [1m[91m^^^[0m [1m[91mhelp: explicitly specify the type as `f32`: `1.5_f32`[0m
2026-09-05T21:31:11.1653508Z     [1m[94m|[0m
2026-09-05T21:31:11.1654277Z     [1m[94m= [0m[1mwarning[0m: this was previously accepted by the compiler but is being phased out; it will become a hard error in a future release!
2026-09-05T21:31:11.1655371Z     [1m[94m= [0m[1mnote[0m: for more information, see issue #154024 <https://github.com/rust-lang/rust/issues/154024>
2026-09-05T21:31:11.1655858Z 
2026-09-05T21:31:11.1656257Z [1m[91merror[0m[1m: falling back to `f32` as the trait bound `f32: From<f64>` is not satisfied[0m
2026-09-05T21:31:11.1656931Z    [1m[94m--> [0mrust_robotics_sim/src/simulator/ui/pendulum.rs:248:25
2026-09-05T21:31:11.1657359Z     [1m[94m|[0m
2026-09-05T21:31:11.1658114Z [1m[94m248[0m [1m[94m|[0m             Stroke::new(2.0, visuals.widgets.noninteractive.fg_stroke.color),
2026-09-05T21:31:11.1659171Z     [1m[94m|[0m                         [1m[91m^^^[0m [1m[91mhelp: explicitly specify the type as `f32`: `2.0_f32`[0m
2026-09-05T21:31:11.1659741Z     [1m[94m|[0m
2026-09-05T21:31:11.1660494Z     [1m[94m= [0m[1mwarning[0m: this was previously accepted by the compiler but is being phased out; it will become a hard error in a future release!
2026-09-05T21:31:11.1661784Z     [1m[94m= [0m[1mnote[0m: for more information, see issue #154024 <https://github.com/rust-lang/rust/issues/154024>
2026-09-05T21:31:11.1662283Z 
2026-09-05T21:31:11.1662670Z [1m[91merror[0m[1m: falling back to `f32` as the trait bound `f32: From<f64>` is not satisfied[0m
2026-09-05T21:31:11.1663337Z    [1m[94m--> [0mrust_robotics_sim/src/simulator/ui/pendulum.rs:264:29
2026-09-05T21:31:11.1663784Z     [1m[94m|[0m
2026-09-05T21:31:11.1664377Z [1m[94m264[0m [1m[94m|[0m                 Stroke::new(1.0, visuals.widgets.noninteractive.fg_stroke.color),
2026-09-05T21:31:11.1665205Z     [1m[94m|[0m                             [1m[91m^^^[0m [1m[91mhelp: explicitly specify the type as `f32`: `1.0_f32`[0m
2026-09-05T21:31:11.1665758Z     [1m[94m|[0m
2026-09-05T21:31:11.1666545Z     [1m[94m= [0m[1mwarning[0m: this was previously accepted by the compiler but is being phased out; it will become a hard error in a future release!
2026-09-05T21:31:11.1667843Z     [1m[94m= [0m[1mnote[0m: for more information, see issue #154024 <https://github.com/rust-lang/rust/issues/154024>
2026-09-05T21:31:11.1668365Z 
2026-09-05T21:31:11.1668812Z [1m[91merror[0m[1m: falling back to `f32` as the trait bound `f32: From<f64>` is not satisfied[0m
2026-09-05T21:31:11.1669526Z    [1m[94m--> [0mrust_robotics_sim/src/simulator/ui/pendulum.rs:280:38
2026-09-05T21:31:11.1669976Z     [1m[94m|[0m
2026-09-05T21:31:11.1670670Z [1m[94m280[0m [1m[94m|[0m             let stroke = Stroke::new(2.0, visuals.widgets.noninteractive.fg_stroke.color);
2026-09-05T21:31:11.1671601Z     [1m[94m|[0m                                      [1m[91m^^^[0m [1m[91mhelp: explicitly specify the type as `f32`: `2.0_f32`[0m
2026-09-05T21:31:11.1672164Z     [1m[94m|[0m
2026-09-05T21:31:11.1672953Z     [1m[94m= [0m[1mwarning[0m: this was previously accepted by the compiler but is being phased out; it will become a hard error in a future release!
2026-09-05T21:31:11.1674063Z     [1m[94m= [0m[1mnote[0m: for more information, see issue #154024 <https://github.com/rust-lang/rust/issues/154024>
2026-09-05T21:31:11.1674547Z 
2026-09-05T21:31:11.1674933Z [1m[91merror[0m[1m: falling back to `f32` as the trait bound `f32: From<f64>` is not satisfied[0m
2026-09-05T21:31:11.1675654Z    [1m[94m--> [0mrust_robotics_sim/src/simulator/ui/pendulum.rs:281:44
2026-09-05T21:31:11.1676117Z     [1m[94m|[0m
2026-09-05T21:31:11.1676666Z [1m[94m281[0m [1m[94m|[0m             let wheel_stroke = Stroke::new(1.5, stroke.color);
2026-09-05T21:31:11.1677523Z     [1m[94m|[0m                                            [1m[91m^^^[0m [1m[91mhelp: explicitly specify the type as `f32`: `1.5_f32`[0m
2026-09-05T21:31:11.1678262Z     [1m[94m|[0m
2026-09-05T21:31:11.1679044Z     [1m[94m= [0m[1mwarning[0m: this was previously accepted by the compiler but is being phased out; it will become a hard error in a future release!
2026-09-05T21:31:11.1680237Z     [1m[94m= [0m[1mnote[0m: for more information, see issue #154024 <https://github.com/rust-lang/rust/issues/154024>
2026-09-05T21:31:11.1680745Z 
2026-09-05T21:31:11.1681153Z [1m[91merror[0m[1m: falling back to `f32` as the trait bound `f32: From<f64>` is not satisfied[0m
2026-09-05T21:31:11.1681866Z    [1m[94m--> [0mrust_robotics_sim/src/simulator/ui/pendulum.rs:320:29
2026-09-05T21:31:11.1682337Z     [1m[94m|[0m
2026-09-05T21:31:11.1682817Z [1m[94m320[0m [1m[94m|[0m                 Stroke::new(3.0, base_color),
2026-09-05T21:31:11.1683703Z     [1m[94m|[0m                             [1m[91m^^^[0m [1m[91mhelp: explicitly specify the type as `f32`: `3.0_f32`[0m
2026-09-05T21:31:11.1684262Z     [1m[94m|[0m
2026-09-05T21:31:11.1684984Z     [1m[94m= [0m[1mwarning[0m: this was previously accepted by the compiler but is being phased out; it will become a hard error in a future release!
2026-09-05T21:31:11.1686046Z     [1m[94m= [0m[1mnote[0m: for more information, see issue #154024 <https://github.com/rust-lang/rust/issues/154024>
2026-09-05T21:31:11.1686688Z 
2026-09-05T21:31:11.1687074Z [1m[91merror[0m[1m: falling back to `f32` as the trait bound `f32: From<f64>` is not satisfied[0m
2026-09-05T21:31:11.1687889Z    [1m[94m--> [0mrust_robotics_sim/src/simulator/ui/pendulum.rs:377:70
2026-09-05T21:31:11.1688341Z     [1m[94m|[0m
2026-09-05T21:31:11.1689201Z [1m[94m377[0m [1m[94m|[0m             painter.line_segment([line_start, line_end], Stroke::new(3.0, color));
2026-09-05T21:31:11.1690140Z     [1m[94m|[0m                                                                      [1m[91m^^^[0m [1m[91mhelp: explicitly specify the type as `f32`: `3.0_f32`[0m
2026-09-05T21:31:11.1690793Z     [1m[94m|[0m
2026-09-05T21:31:11.1691550Z     [1m[94m= [0m[1mwarning[0m: this was previously accepted by the compiler but is being phased out; it will become a hard error in a future release!
2026-09-05T21:31:11.1692630Z     [1m[94m= [0m[1mnote[0m: for more information, see issue #154024 <https://github.com/rust-lang/rust/issues/154024>
2026-09-05T21:31:11.1693108Z 
2026-09-05T21:31:11.1693609Z [1m[91merror[0m[1m: falling back to `f32` as the trait bound `f32: From<f64>` is not satisfied[0m
2026-09-05T21:31:11.1694275Z    [1m[94m--> [0mrust_robotics_sim/src/theme.rs:123:9
2026-09-05T21:31:11.1694670Z     [1m[94m|[0m
2026-09-05T21:31:11.1694985Z [1m[94m123[0m [1m[94m|[0m         1.0,
2026-09-05T21:31:11.1695592Z     [1m[94m|[0m         [1m[91m^^^[0m [1m[91mhelp: explicitly specify the type as `f32`: `1.0_f32`[0m
2026-09-05T21:31:11.1696123Z     [1m[94m|[0m
2026-09-05T21:31:11.1696894Z     [1m[94m= [0m[1mwarning[0m: this was previously accepted by the compiler but is being phased out; it will become a hard error in a future release!
2026-09-05T21:31:11.1698151Z     [1m[94m= [0m[1mnote[0m: for more information, see issue #154024 <https://github.com/rust-lang/rust/issues/154024>
2026-09-05T21:31:11.1698632Z 
2026-09-05T21:31:11.1699015Z [1m[91merror[0m[1m: falling back to `f32` as the trait bound `f32: From<f64>` is not satisfied[0m
2026-09-05T21:31:11.1699656Z    [1m[94m--> [0mrust_robotics_sim/src/theme.rs:132:41
2026-09-05T21:31:11.1700046Z     [1m[94m|[0m
2026-09-05T21:31:11.1700569Z [1m[94m132[0m [1m[94m|[0m     visuals.window_stroke = Stroke::new(1.0, border);
2026-09-05T21:31:11.1701355Z     [1m[94m|[0m                                         [1m[91m^^^[0m [1m[91mhelp: explicitly specify the type as `f32`: `1.0_f32`[0m
2026-09-05T21:31:11.1701922Z     [1m[94m|[0m
2026-09-05T21:31:11.1702653Z     [1m[94m= [0m[1mwarning[0m: this was previously accepted by the compiler but is being phased out; it will become a hard error in a future release!
2026-09-05T21:31:11.1703760Z     [1m[94m= [0m[1mnote[0m: for more information, see issue #154024 <https://github.com/rust-lang/rust/issues/154024>
2026-09-05T21:31:11.1704239Z 
2026-09-05T21:31:11.1704631Z [1m[91merror[0m[1m: falling back to `f32` as the trait bound `f32: From<f64>` is not satisfied[0m
2026-09-05T21:31:11.1705247Z    [1m[94m--> [0mrust_robotics_sim/src/theme.rs:134:60
2026-09-05T21:31:11.1705620Z     [1m[94m|[0m
2026-09-05T21:31:11.1706252Z [1m[94m134[0m [1m[94m|[0m     visuals.widgets.noninteractive.bg_stroke = Stroke::new(1.0, border);
2026-09-05T21:31:11.1707158Z     [1m[94m|[0m                                                            [1m[91m^^^[0m [1m[91mhelp: explicitly specify the type as `f32`: `1.0_f32`[0m
2026-09-05T21:31:11.1707861Z     [1m[94m|[0m
2026-09-05T21:31:11.1708834Z     [1m[94m= [0m[1mwarning[0m: this was previously accepted by the compiler but is being phased out; it will become a hard error in a future release!
2026-09-05T21:31:11.1709924Z     [1m[94m= [0m[1mnote[0m: for more information, see issue #154024 <https://github.com/rust-lang/rust/issues/154024>
2026-09-05T21:31:11.1710416Z 
2026-09-05T21:31:11.1710818Z [1m[91merror[0m[1m: falling back to `f32` as the trait bound `f32: From<f64>` is not satisfied[0m
2026-09-05T21:31:11.1711631Z    [1m[94m--> [0mrust_robotics_sim/src/theme.rs:135:60
2026-09-05T21:31:11.1712016Z     [1m[94m|[0m
2026-09-05T21:31:11.1712700Z [1m[94m135[0m [1m[94m|[0m     visuals.widgets.noninteractive.fg_stroke = Stroke::new(1.0, text_muted);
2026-09-05T21:31:11.1713577Z     [1m[94m|[0m                                                            [1m[91m^^^[0m [1m[91mhelp: explicitly specify the type as `f32`: `1.0_f32`[0m
2026-09-05T21:31:11.1714140Z     [1m[94m|[0m
2026-09-05T21:31:11.1714874Z     [1m[94m= [0m[1mwarning[0m: this was previously accepted by the compiler but is being phased out; it will become a hard error in a future release!
2026-09-05T21:31:11.1715935Z     [1m[94m= [0m[1mnote[0m: for more information, see issue #154024 <https://github.com/rust-lang/rust/issues/154024>
2026-09-05T21:31:11.1716398Z 
2026-09-05T21:31:11.1716794Z [1m[91merror[0m[1m: falling back to `f32` as the trait bound `f32: From<f64>` is not satisfied[0m
2026-09-05T21:31:11.1717414Z    [1m[94m--> [0mrust_robotics_sim/src/theme.rs:138:54
2026-09-05T21:31:11.1717903Z     [1m[94m|[0m
2026-09-05T21:31:11.1718597Z [1m[94m138[0m [1m[94m|[0m     visuals.widgets.inactive.bg_stroke = Stroke::new(1.0, border);
2026-09-05T21:31:11.1719448Z     [1m[94m|[0m                                                      [1m[91m^^^[0m [1m[91mhelp: explicitly specify the type as `f32`: `1.0_f32`[0m
2026-09-05T21:31:11.1720025Z     [1m[94m|[0m
2026-09-05T21:31:11.1720775Z     [1m[94m= [0m[1mwarning[0m: this was previously accepted by the compiler but is being phased out; it will become a hard error in a future release!
2026-09-05T21:31:11.1721874Z     [1m[94m= [0m[1mnote[0m: for more information, see issue #154024 <https://github.com/rust-lang/rust/issues/154024>
2026-09-05T21:31:11.1722340Z 
2026-09-05T21:31:11.1722707Z [1m[91merror[0m[1m: falling back to `f32` as the trait bound `f32: From<f64>` is not satisfied[0m
2026-09-05T21:31:11.1723259Z    [1m[94m--> [0mrust_robotics_sim/src/theme.rs:139:54
2026-09-05T21:31:11.1723610Z     [1m[94m|[0m
2026-09-05T21:31:11.1724098Z [1m[94m139[0m [1m[94m|[0m     visuals.widgets.inactive.fg_stroke = Stroke::new(1.0, text);
2026-09-05T21:31:11.1724868Z     [1m[94m|[0m                                                      [1m[91m^^^[0m [1m[91mhelp: explicitly specify the type as `f32`: `1.0_f32`[0m
2026-09-05T21:31:11.1725369Z     [1m[94m|[0m
2026-09-05T21:31:11.1725994Z     [1m[94m= [0m[1mwarning[0m: this was previously accepted by the compiler but is being phased out; it will become a hard error in a future release!
2026-09-05T21:31:11.1726966Z     [1m[94m= [0m[1mnote[0m: for more information, see issue #154024 <https://github.com/rust-lang/rust/issues/154024>
2026-09-05T21:31:11.1727395Z 
2026-09-05T21:31:11.1727867Z [1m[91merror[0m[1m: falling back to `f32` as the trait bound `f32: From<f64>` is not satisfied[0m
2026-09-05T21:31:11.1728419Z    [1m[94m--> [0mrust_robotics_sim/src/theme.rs:145:53
2026-09-05T21:31:11.1728780Z     [1m[94m|[0m
2026-09-05T21:31:11.1729316Z [1m[94m145[0m [1m[94m|[0m     visuals.widgets.hovered.bg_stroke = Stroke::new(1.0, accent);
2026-09-05T21:31:11.1730114Z     [1m[94m|[0m                                                     [1m[91m^^^[0m [1m[91mhelp: explicitly specify the type as `f32`: `1.0_f32`[0m
2026-09-05T21:31:11.1730638Z     [1m[94m|[0m
2026-09-05T21:31:11.1731330Z     [1m[94m= [0m[1mwarning[0m: this was previously accepted by the compiler but is being phased out; it will become a hard error in a future release!
2026-09-05T21:31:11.1732498Z     [1m[94m= [0m[1mnote[0m: for more information, see issue #154024 <https://github.com/rust-lang/rust/issues/154024>
2026-09-05T21:31:11.1732956Z 
2026-09-05T21:31:11.1733299Z [1m[91merror[0m[1m: falling back to `f32` as the trait bound `f32: From<f64>` is not satisfied[0m
2026-09-05T21:31:11.1733831Z    [1m[94m--> [0mrust_robotics_sim/src/theme.rs:146:53
2026-09-05T21:31:11.1734367Z     [1m[94m|[0m
2026-09-05T21:31:11.1734888Z [1m[94m146[0m [1m[94m|[0m     visuals.widgets.hovered.fg_stroke = Stroke::new(1.0, text);
2026-09-05T21:31:11.1735678Z     [1m[94m|[0m                                                     [1m[91m^^^[0m [1m[91mhelp: explicitly specify the type as `f32`: `1.0_f32`[0m
2026-09-05T21:31:11.1736216Z     [1m[94m|[0m
2026-09-05T21:31:11.1736904Z     [1m[94m= [0m[1mwarning[0m: this was previously accepted by the compiler but is being phased out; it will become a hard error in a future release!
2026-09-05T21:31:11.1738046Z     [1m[94m= [0m[1mnote[0m: for more information, see issue #154024 <https://github.com/rust-lang/rust/issues/154024>
2026-09-05T21:31:11.1738469Z 
2026-09-05T21:31:11.1738851Z [1m[91merror[0m[1m: falling back to `f32` as the trait bound `f32: From<f64>` is not satisfied[0m
2026-09-05T21:31:11.1739437Z    [1m[94m--> [0mrust_robotics_sim/src/theme.rs:150:52
2026-09-05T21:31:11.1739799Z     [1m[94m|[0m
2026-09-05T21:31:11.1740312Z [1m[94m150[0m [1m[94m|[0m     visuals.widgets.active.bg_stroke = Stroke::new(1.0, accent);
2026-09-05T21:31:11.1741110Z     [1m[94m|[0m                                                    [1m[91m^^^[0m [1m[91mhelp: explicitly specify the type as `f32`: `1.0_f32`[0m
2026-09-05T21:31:11.1741647Z     [1m[94m|[0m
2026-09-05T21:31:11.1742344Z     [1m[94m= [0m[1mwarning[0m: this was previously accepted by the compiler but is being phased out; it will become a hard error in a future release!
2026-09-05T21:31:11.1743353Z     [1m[94m= [0m[1mnote[0m: for more information, see issue #154024 <https://github.com/rust-lang/rust/issues/154024>
2026-09-05T21:31:11.1743799Z 
2026-09-05T21:31:11.1744154Z [1m[91merror[0m[1m: falling back to `f32` as the trait bound `f32: From<f64>` is not satisfied[0m
2026-09-05T21:31:11.1744737Z    [1m[94m--> [0mrust_robotics_sim/src/theme.rs:151:52
2026-09-05T21:31:11.1745088Z     [1m[94m|[0m
2026-09-05T21:31:11.1745652Z [1m[94m151[0m [1m[94m|[0m     visuals.widgets.active.fg_stroke = Stroke::new(1.0, Color32::WHITE);
2026-09-05T21:31:11.1746496Z     [1m[94m|[0m                                                    [1m[91m^^^[0m [1m[91mhelp: explicitly specify the type as `f32`: `1.0_f32`[0m
2026-09-05T21:31:11.1747023Z     [1m[94m|[0m
2026-09-05T21:31:11.1758878Z     [1m[94m= [0m[1mwarning[0m: this was previously accepted by the compiler but is being phased out; it will become a hard error in a future release!
2026-09-05T21:31:11.1760074Z     [1m[94m= [0m[1mnote[0m: for more information, see issue #154024 <https://github.com/rust-lang/rust/issues/154024>
2026-09-05T21:31:11.1760522Z 
2026-09-05T21:31:11.1760911Z [1m[91merror[0m[1m: falling back to `f32` as the trait bound `f32: From<f64>` is not satisfied[0m
2026-09-05T21:31:11.1761518Z    [1m[94m--> [0mrust_robotics_sim/src/theme.rs:154:50
2026-09-05T21:31:11.1761889Z     [1m[94m|[0m
2026-09-05T21:31:11.1762474Z [1m[94m154[0m [1m[94m|[0m     visuals.widgets.open.bg_stroke = Stroke::new(1.0, accent_soft);
2026-09-05T21:31:11.1763313Z     [1m[94m|[0m                                                  [1m[91m^^^[0m [1m[91mhelp: explicitly specify the type as `f32`: `1.0_f32`[0m
2026-09-05T21:31:11.1763866Z     [1m[94m|[0m
2026-09-05T21:31:11.1764647Z     [1m[94m= [0m[1mwarning[0m: this was previously accepted by the compiler but is being phased out; it will become a hard error in a future release!
2026-09-05T21:31:11.1765627Z     [1m[94m= [0m[1mnote[0m: for more information, see issue #154024 <https://github.com/rust-lang/rust/issues/154024>
2026-09-05T21:31:11.1766298Z 
2026-09-05T21:31:11.1766734Z [1m[91merror[0m[1m: falling back to `f32` as the trait bound `f32: From<f64>` is not satisfied[0m
2026-09-05T21:31:11.1767332Z    [1m[94m--> [0mrust_robotics_sim/src/theme.rs:155:50
2026-09-05T21:31:11.1767839Z     [1m[94m|[0m
2026-09-05T21:31:11.1768371Z [1m[94m155[0m [1m[94m|[0m     visuals.widgets.open.fg_stroke = Stroke::new(1.0, text);
2026-09-05T21:31:11.1769348Z     [1m[94m|[0m                                                  [1m[91m^^^[0m [1m[91mhelp: explicitly specify the type as `f32`: `1.0_f32`[0m
2026-09-05T21:31:11.1769914Z     [1m[94m|[0m
2026-09-05T21:31:11.1770712Z     [1m[94m= [0m[1mwarning[0m: this was previously accepted by the compiler but is being phased out; it will become a hard error in a future release!
2026-09-05T21:31:11.1771783Z     [1m[94m= [0m[1mnote[0m: for more information, see issue #154024 <https://github.com/rust-lang/rust/issues/154024>
2026-09-05T21:31:11.1772273Z 
2026-09-05T21:31:11.1789122Z [1m[91merror[0m[1m: variable does not need to be mutable[0m
2026-09-05T21:31:11.1789757Z    [1m[94m--> [0mrust_robotics_sim/src/app.rs:244:13
2026-09-05T21:31:11.1790138Z     [1m[94m|[0m
2026-09-05T21:31:11.1790650Z [1m[94m244[0m [1m[94m|[0m         let mut theme_mode = theme::UiTheme::Dark;
2026-09-05T21:31:11.1791186Z     [1m[94m|[0m             [1m[94m----[0m[1m[91m^^^^^^^^^^[0m
2026-09-05T21:31:11.1791614Z     [1m[94m|[0m             [1m[94m|[0m
2026-09-05T21:31:11.1792047Z     [1m[94m|[0m             [1m[94mhelp: remove this `mut`[0m
2026-09-05T21:31:11.1792415Z     [1m[94m|[0m
2026-09-05T21:31:11.1792775Z     [1m[94m= [0m[1mnote[0m: `-D unused-mut` implied by `-D warnings`
2026-09-05T21:31:11.1793323Z     [1m[94m= [0m[1mhelp[0m: to override `-D warnings` add `#[allow(unused_mut)]`
2026-09-05T21:31:11.1793646Z 
2026-09-05T21:31:11.1793874Z [1m[91merror[0m[1m: variable does not need to be mutable[0m
2026-09-05T21:31:11.1794363Z    [1m[94m--> [0mrust_robotics_sim/src/app.rs:247:13
2026-09-05T21:31:11.1794745Z     [1m[94m|[0m
2026-09-05T21:31:11.1795163Z [1m[94m247[0m [1m[94m|[0m         let mut sim = Simulator::default();
2026-09-05T21:31:11.1795628Z     [1m[94m|[0m             [1m[94m----[0m[1m[91m^^^[0m
2026-09-05T21:31:11.1796030Z     [1m[94m|[0m             [1m[94m|[0m
2026-09-05T21:31:11.1796472Z     [1m[94m|[0m             [1m[94mhelp: remove this `mut`[0m
2026-09-05T21:31:11.1796721Z 
2026-09-05T21:31:11.5384646Z [1m[91merror[0m[1m: methods `status_text`, `card_state`, `set_drive_mode`, and `apply_patch` are never used[0m
2026-09-05T21:31:11.5385465Z    [1m[94m--> [0mrust_robotics_sim/src/simulator/localization.rs:242:8
2026-09-05T21:31:11.5385897Z     [1m[94m|[0m
2026-09-05T21:31:11.5386222Z [1m[94m195[0m [1m[94m|[0m impl ParticleFilter {
2026-09-05T21:31:11.5386780Z     [1m[94m|[0m [1m[94m-------------------[0m [1m[94mmethods in this implementation[0m
2026-09-05T21:31:11.5387256Z [1m[94m...[0m
2026-09-05T21:31:11.5387827Z [1m[94m242[0m [1m[94m|[0m     fn status_text(&self) -> String {
2026-09-05T21:31:11.5388297Z     [1m[94m|[0m        [1m[91m^^^^^^^^^^^[0m
2026-09-05T21:31:11.5388664Z [1m[94m...[0m
2026-09-05T21:31:11.5389166Z [1m[94m256[0m [1m[94m|[0m     pub(crate) fn card_state(&self) -> LocalizationCardState {
2026-09-05T21:31:11.5389784Z     [1m[94m|[0m                   [1m[91m^^^^^^^^^^[0m
2026-09-05T21:31:11.5390160Z [1m[94m...[0m
2026-09-05T21:31:11.5390690Z [1m[94m271[0m [1m[94m|[0m     pub(crate) fn set_drive_mode(&mut self, drive_mode: DriveMode) {
2026-09-05T21:31:11.5391331Z     [1m[94m|[0m                   [1m[91m^^^^^^^^^^^^^^[0m
2026-09-05T21:31:11.5391723Z [1m[94m...[0m
2026-09-05T21:31:11.5392247Z [1m[94m277[0m [1m[94m|[0m     pub(crate) fn apply_patch(&mut self, patch: LocalizationPatch) {
2026-09-05T21:31:11.5392861Z     [1m[94m|[0m                   [1m[91m^^^^^^^^^^^[0m
2026-09-05T21:31:11.5393476Z     [1m[94m|[0m
2026-09-05T21:31:11.5393897Z     [1m[94m= [0m[1mnote[0m: `-D dead-code` implied by `-D warnings`
2026-09-05T21:31:11.5394632Z     [1m[94m= [0m[1mhelp[0m: to override `-D warnings` add `#[expect(dead_code)]` or `#[allow(dead_code)]`
2026-09-05T21:31:11.5395079Z 
2026-09-05T21:31:11.5399233Z [1m[91merror[0m[1m: struct `PendulumParamsSnapshot` is never constructed[0m
2026-09-05T21:31:11.5400936Z    [1m[94m--> [0mrust_robotics_sim/src/simulator/pendulum/domain.rs:117:19
2026-09-05T21:31:11.5401710Z     [1m[94m|[0m
2026-09-05T21:31:11.5402367Z [1m[94m117[0m [1m[94m|[0m pub(crate) struct PendulumParamsSnapshot {
2026-09-05T21:31:11.5403151Z     [1m[94m|[0m                   [1m[91m^^^^^^^^^^^^^^^^^^^^^^[0m
2026-09-05T21:31:11.5403657Z 
2026-09-05T21:31:11.5404131Z [1m[91merror[0m[1m: enum `ControllerParamsSnapshot` is never used[0m
2026-09-05T21:31:11.5404903Z    [1m[94m--> [0mrust_robotics_sim/src/simulator/pendulum/domain.rs:126:17
2026-09-05T21:31:11.5405564Z     [1m[94m|[0m
2026-09-05T21:31:11.5406172Z [1m[94m126[0m [1m[94m|[0m pub(crate) enum ControllerParamsSnapshot {
2026-09-05T21:31:11.5406917Z     [1m[94m|[0m                 [1m[91m^^^^^^^^^^^^^^^^^^^^^^^^[0m
2026-09-05T21:31:11.5407311Z 
2026-09-05T21:31:11.5407895Z [1m[91merror[0m[1m: struct `PolicyTrainerSnapshot` is never constructed[0m
2026-09-05T21:31:11.5408682Z    [1m[94m--> [0mrust_robotics_sim/src/simulator/pendulum/domain.rs:161:19
2026-09-05T21:31:11.5409278Z     [1m[94m|[0m
2026-09-05T21:31:11.5409855Z [1m[94m161[0m [1m[94m|[0m pub(crate) struct PolicyTrainerSnapshot {
2026-09-05T21:31:11.5410561Z     [1m[94m|[0m                   [1m[91m^^^^^^^^^^^^^^^^^^^^^[0m
2026-09-05T21:31:11.5411016Z 
2026-09-05T21:31:11.5411484Z [1m[91merror[0m[1m: struct `PendulumCardState` is never constructed[0m
2026-09-05T21:31:11.5412334Z    [1m[94m--> [0mrust_robotics_sim/src/simulator/pendulum/domain.rs:181:19
2026-09-05T21:31:11.5412956Z     [1m[94m|[0m
2026-09-05T21:31:11.5413536Z [1m[94m181[0m [1m[94m|[0m pub(crate) struct PendulumCardState {
2026-09-05T21:31:11.5414229Z     [1m[94m|[0m                   [1m[91m^^^^^^^^^^^^^^^^^[0m
2026-09-05T21:31:11.5414660Z 
2026-09-05T21:31:11.5415104Z [1m[91merror[0m[1m: struct `PendulumPatch` is never constructed[0m
2026-09-05T21:31:11.5415890Z    [1m[94m--> [0mrust_robotics_sim/src/simulator/pendulum/domain.rs:191:19
2026-09-05T21:31:11.5416538Z     [1m[94m|[0m
2026-09-05T21:31:11.5417094Z [1m[94m191[0m [1m[94m|[0m pub(crate) struct PendulumPatch {
2026-09-05T21:31:11.5417885Z     [1m[94m|[0m                   [1m[91m^^^^^^^^^^^^^[0m
2026-09-05T21:31:11.5418315Z 
2026-09-05T21:31:11.5418747Z [1m[91merror[0m[1m: struct `LqrPatch` is never constructed[0m
2026-09-05T21:31:11.5419506Z    [1m[94m--> [0mrust_robotics_sim/src/simulator/pendulum/domain.rs:204:19
2026-09-05T21:31:11.5420118Z     [1m[94m|[0m
2026-09-05T21:31:11.5420635Z [1m[94m204[0m [1m[94m|[0m pub(crate) struct LqrPatch {
2026-09-05T21:31:11.5421252Z     [1m[94m|[0m                   [1m[91m^^^^^^^^[0m
2026-09-05T21:31:11.5421649Z 
2026-09-05T21:31:11.5422062Z [1m[91merror[0m[1m: struct `PidPatch` is never constructed[0m
2026-09-05T21:31:11.5422802Z    [1m[94m--> [0mrust_robotics_sim/src/simulator/pendulum/domain.rs:216:19
2026-09-05T21:31:11.5423451Z     [1m[94m|[0m
2026-09-05T21:31:11.5424006Z [1m[94m216[0m [1m[94m|[0m pub(crate) struct PidPatch {
2026-09-05T21:31:11.5424616Z     [1m[94m|[0m                   [1m[91m^^^^^^^^[0m
2026-09-05T21:31:11.5425017Z 
2026-09-05T21:31:11.5425430Z [1m[91merror[0m[1m: struct `MpcPatch` is never constructed[0m
2026-09-05T21:31:11.5426175Z    [1m[94m--> [0mrust_robotics_sim/src/simulator/pendulum/domain.rs:223:19
2026-09-05T21:31:11.5426784Z     [1m[94m|[0m
2026-09-05T21:31:11.5427313Z [1m[94m223[0m [1m[94m|[0m pub(crate) struct MpcPatch {
2026-09-05T21:31:11.5428141Z     [1m[94m|[0m                   [1m[91m^^^^^^^^[0m
2026-09-05T21:31:11.5428807Z 
2026-09-05T21:31:11.5429221Z [1m[91merror[0m[1m: struct `PolicyPatch` is never constructed[0m
2026-09-05T21:31:11.5430006Z    [1m[94m--> [0mrust_robotics_sim/src/simulator/pendulum/domain.rs:235:19
2026-09-05T21:31:11.5430689Z     [1m[94m|[0m
2026-09-05T21:31:11.5431246Z [1m[94m235[0m [1m[94m|[0m pub(crate) struct PolicyPatch {
2026-09-05T21:31:11.5432071Z     [1m[94m|[0m                   [1m[91m^^^^^^^^^^^[0m
2026-09-05T21:31:11.5432473Z 
2026-09-05T21:31:11.5432896Z [1m[91merror[0m[1m: enum `PendulumTrainerAction` is never used[0m
2026-09-05T21:31:11.5433675Z    [1m[94m--> [0mrust_robotics_sim/src/simulator/pendulum/domain.rs:246:17
2026-09-05T21:31:11.5434334Z     [1m[94m|[0m
2026-09-05T21:31:11.5434897Z [1m[94m246[0m [1m[94m|[0m pub(crate) enum PendulumTrainerAction {
2026-09-05T21:31:11.5435576Z     [1m[94m|[0m                 [1m[91m^^^^^^^^^^^^^^^^^^^^^[0m
2026-09-05T21:31:11.5436015Z 
2026-09-05T21:31:11.5436460Z [1m[91merror[0m[1m: function `clamp_beam_length` is never used[0m
2026-09-05T21:31:11.5437227Z    [1m[94m--> [0mrust_robotics_sim/src/simulator/pendulum/domain.rs:253:4
2026-09-05T21:31:11.5438008Z     [1m[94m|[0m
2026-09-05T21:31:11.5438591Z [1m[94m253[0m [1m[94m|[0m fn clamp_beam_length(value: f32) -> f32 {
2026-09-05T21:31:11.5439258Z     [1m[94m|[0m    [1m[91m^^^^^^^^^^^^^^^^^[0m
2026-09-05T21:31:11.5439654Z 
2026-09-05T21:31:11.5440251Z [1m[91merror[0m[1m: function `clamp_cart_mass` is never used[0m
2026-09-05T21:31:11.5441151Z    [1m[94m--> [0mrust_robotics_sim/src/simulator/pendulum/domain.rs:257:4
2026-09-05T21:31:11.5441611Z     [1m[94m|[0m
2026-09-05T21:31:11.5441995Z [1m[94m257[0m [1m[94m|[0m fn clamp_cart_mass(value: f32) -> f32 {
2026-09-05T21:31:11.5442476Z     [1m[94m|[0m    [1m[91m^^^^^^^^^^^^^^^[0m
2026-09-05T21:31:11.5442709Z 
2026-09-05T21:31:11.5442951Z [1m[91merror[0m[1m: function `clamp_ball_mass` is never used[0m
2026-09-05T21:31:11.5443509Z    [1m[94m--> [0mrust_robotics_sim/src/simulator/pendulum/domain.rs:261:4
2026-09-05T21:31:11.5443925Z     [1m[94m|[0m
2026-09-05T21:31:11.5444287Z [1m[94m261[0m [1m[94m|[0m fn clamp_ball_mass(value: f32) -> f32 {
2026-09-05T21:31:11.5444716Z     [1m[94m|[0m    [1m[91m^^^^^^^^^^^^^^^[0m
2026-09-05T21:31:11.5444929Z 
2026-09-05T21:31:11.5445158Z [1m[91merror[0m[1m: function `clamp_weight` is never used[0m
2026-09-05T21:31:11.5445697Z    [1m[94m--> [0mrust_robotics_sim/src/simulator/pendulum/domain.rs:265:4
2026-09-05T21:31:11.5446100Z     [1m[94m|[0m
2026-09-05T21:31:11.5446453Z [1m[94m265[0m [1m[94m|[0m fn clamp_weight(value: f32) -> f32 {
2026-09-05T21:31:11.5446869Z     [1m[94m|[0m    [1m[91m^^^^^^^^^^^^[0m
2026-09-05T21:31:11.5447081Z 
2026-09-05T21:31:11.5447325Z [1m[91merror[0m[1m: function `clamp_pid_gain` is never used[0m
2026-09-05T21:31:11.5448013Z    [1m[94m--> [0mrust_robotics_sim/src/simulator/pendulum/domain.rs:269:4
2026-09-05T21:31:11.5448423Z     [1m[94m|[0m
2026-09-05T21:31:11.5448830Z [1m[94m269[0m [1m[94m|[0m fn clamp_pid_gain(value: f32) -> f32 {
2026-09-05T21:31:11.5449253Z     [1m[94m|[0m    [1m[91m^^^^^^^^^^^^^^[0m
2026-09-05T21:31:11.5449460Z 
2026-09-05T21:31:11.5449715Z [1m[91merror[0m[1m: function `clamp_learning_rate` is never used[0m
2026-09-05T21:31:11.5450274Z    [1m[94m--> [0mrust_robotics_sim/src/simulator/pendulum/domain.rs:273:4
2026-09-05T21:31:11.5450706Z     [1m[94m|[0m
2026-09-05T21:31:11.5451085Z [1m[94m273[0m [1m[94m|[0m fn clamp_learning_rate(value: f64) -> f64 {
2026-09-05T21:31:11.5451539Z     [1m[94m|[0m    [1m[91m^^^^^^^^^^^^^^^^^^^[0m
2026-09-05T21:31:11.5451761Z 
2026-09-05T21:31:11.5452004Z [1m[91merror[0m[1m: function `clamp_action_std` is never used[0m
2026-09-05T21:31:11.5452536Z    [1m[94m--> [0mrust_robotics_sim/src/simulator/pendulum/domain.rs:277:4
2026-09-05T21:31:11.5452942Z     [1m[94m|[0m
2026-09-05T21:31:11.5453479Z [1m[94m277[0m [1m[94m|[0m fn clamp_action_std(value: f32) -> f32 {
2026-09-05T21:31:11.5453912Z     [1m[94m|[0m    [1m[91m^^^^^^^^^^^^^^^^[0m
2026-09-05T21:31:11.5454124Z 
2026-09-05T21:31:11.5454350Z [1m[91merror[0m[1m: method `params_snapshot` is never used[0m
2026-09-05T21:31:11.5454884Z    [1m[94m--> [0mrust_robotics_sim/src/simulator/pendulum/domain.rs:394:19
2026-09-05T21:31:11.5455311Z     [1m[94m|[0m
2026-09-05T21:31:11.5455744Z [1m[94m289[0m [1m[94m|[0m impl Controller {
2026-09-05T21:31:11.5456256Z     [1m[94m|[0m [1m[94m---------------[0m [1m[94mmethod in this implementation[0m
2026-09-05T21:31:11.5456687Z [1m[94m...[0m
2026-09-05T21:31:11.5457165Z [1m[94m394[0m [1m[94m|[0m     pub(crate) fn params_snapshot(&self) -> ControllerParamsSnapshot {
2026-09-05T21:31:11.5457880Z     [1m[94m|[0m                   [1m[91m^^^^^^^^^^^^^^^[0m
2026-09-05T21:31:11.5458119Z 
2026-09-05T21:31:11.5458530Z [1m[91merror[0m[1m: methods `policy_trainer_snapshot`, `card_state`, and `apply_patch` are never used[0m
2026-09-05T21:31:11.5459253Z    [1m[94m--> [0mrust_robotics_sim/src/simulator/pendulum/domain.rs:566:8
2026-09-05T21:31:11.5459677Z     [1m[94m|[0m
2026-09-05T21:31:11.5459999Z [1m[94m485[0m [1m[94m|[0m impl InvertedPendulum {
2026-09-05T21:31:11.5460531Z     [1m[94m|[0m [1m[94m---------------------[0m [1m[94mmethods in this implementation[0m
2026-09-05T21:31:11.5460981Z [1m[94m...[0m
2026-09-05T21:31:11.5461426Z [1m[94m566[0m [1m[94m|[0m     fn policy_trainer_snapshot(&self) -> PolicyTrainerSnapshot {
2026-09-05T21:31:11.5461954Z     [1m[94m|[0m        [1m[91m^^^^^^^^^^^^^^^^^^^^^^^[0m
2026-09-05T21:31:11.5462284Z [1m[94m...[0m
2026-09-05T21:31:11.5462696Z [1m[94m588[0m [1m[94m|[0m     pub(crate) fn card_state(&self) -> PendulumCardState {
2026-09-05T21:31:11.5463199Z     [1m[94m|[0m                   [1m[91m^^^^^^^^^^[0m
2026-09-05T21:31:11.5463519Z [1m[94m...[0m
2026-09-05T21:31:11.5463958Z [1m[94m613[0m [1m[94m|[0m     pub(crate) fn apply_patch(&mut self, patch: PendulumPatch) {
2026-09-05T21:31:11.5464490Z     [1m[94m|[0m                   [1m[91m^^^^^^^^^^^[0m
2026-09-05T21:31:11.5464709Z 
2026-09-05T21:31:11.5464921Z [1m[91merror[0m[1m: multiple methods are never used[0m
2026-09-05T21:31:11.5465402Z    [1m[94m--> [0mrust_robotics_sim/src/simulator/runtime.rs:90:19
2026-09-05T21:31:11.5465778Z     [1m[94m|[0m
2026-09-05T21:31:11.5466061Z [1m[94m 28[0m [1m[94m|[0m impl Simulator {
2026-09-05T21:31:11.5466534Z     [1m[94m|[0m [1m[94m--------------[0m [1m[94mmethods in this implementation[0m
2026-09-05T21:31:11.5466928Z [1m[94m...[0m
2026-09-05T21:31:11.5467352Z [1m[94m 90[0m [1m[94m|[0m     pub(crate) fn pendulum_ui_state(&self) -> Vec<PendulumCardState> {
2026-09-05T21:31:11.5467997Z     [1m[94m|[0m                   [1m[91m^^^^^^^^^^^^^^^^^[0m
2026-09-05T21:31:11.5468325Z [1m[94m...[0m
2026-09-05T21:31:11.5468687Z [1m[94m 99[0m [1m[94m|[0m     pub(crate) fn set_pendulum_controller_kind(
2026-09-05T21:31:11.5469169Z     [1m[94m|[0m                   [1m[91m^^^^^^^^^^^^^^^^^^^^^^^^^^^^[0m
2026-09-05T21:31:11.5469548Z [1m[94m...[0m
2026-09-05T21:31:11.5469998Z [1m[94m115[0m [1m[94m|[0m     pub(crate) fn remove_pendulum(&mut self, pendulum_id: usize) {
2026-09-05T21:31:11.5470555Z     [1m[94m|[0m                   [1m[91m^^^^^^^^^^^^^^^[0m
2026-09-05T21:31:11.5470901Z [1m[94m...[0m
2026-09-05T21:31:11.5471467Z [1m[94m125[0m [1m[94m|[0m     pub(crate) fn patch_pendulum(&mut self, pendulum_id: usize, patch: PendulumPatch) {
2026-09-05T21:31:11.5472076Z     [1m[94m|[0m                   [1m[91m^^^^^^^^^^^^^^[0m
2026-09-05T21:31:11.5472438Z [1m[94m...[0m
2026-09-05T21:31:11.5472978Z [1m[94m137[0m [1m[94m|[0m     pub(crate) fn localization_ui_state(&self) -> Vec<LocalizationCardState> {
2026-09-05T21:31:11.5473614Z     [1m[94m|[0m                   [1m[91m^^^^^^^^^^^^^^^^^^^^^[0m
2026-09-05T21:31:11.5473987Z [1m[94m...[0m
2026-09-05T21:31:11.5474719Z [1m[94m146[0m [1m[94m|[0m     pub(crate) fn remove_localization_vehicle(&mut self, vehicle_id: usize) {
2026-09-05T21:31:11.5475324Z     [1m[94m|[0m                   [1m[91m^^^^^^^^^^^^^^^^^^^^^^^^^^^[0m
2026-09-05T21:31:11.5475693Z [1m[94m...[0m
2026-09-05T21:31:11.5476087Z [1m[94m156[0m [1m[94m|[0m     pub(crate) fn set_localization_drive_mode(
2026-09-05T21:31:11.5476742Z     [1m[94m|[0m                   [1m[91m^^^^^^^^^^^^^^^^^^^^^^^^^^^[0m
2026-09-05T21:31:11.5477132Z [1m[94m...[0m
2026-09-05T21:31:11.5477537Z [1m[94m172[0m [1m[94m|[0m     pub(crate) fn patch_localization_vehicle(
2026-09-05T21:31:11.5478209Z     [1m[94m|[0m                   [1m[91m^^^^^^^^^^^^^^^^^^^^^^^^^^[0m
2026-09-05T21:31:11.5478579Z [1m[94m...[0m
2026-09-05T21:31:11.5479119Z [1m[94m188[0m [1m[94m|[0m     pub(crate) fn path_planning_env_mode(&self) -> PathPlanningEnvironmentMode {
2026-09-05T21:31:11.5479766Z     [1m[94m|[0m                   [1m[91m^^^^^^^^^^^^^^^^^^^^^^[0m
2026-09-05T21:31:11.5480222Z [1m[94m...[0m
2026-09-05T21:31:11.5480737Z [1m[94m193[0m [1m[94m|[0m     pub(crate) fn path_planning_continuous_obstacle_radius(&self) -> f32 {
2026-09-05T21:31:11.5481412Z     [1m[94m|[0m                   [1m[91m^^^^^^^^^^^^^^^^^^^^^^^^^^^^^^^^^^^^^^^^[0m
2026-09-05T21:31:11.5481795Z [1m[94m...[0m
2026-09-05T21:31:11.5482325Z [1m[94m198[0m [1m[94m|[0m     pub(crate) fn path_planning_ui_state(&self) -> Vec<PathPlannerCardState> {
2026-09-05T21:31:11.5482962Z     [1m[94m|[0m                   [1m[91m^^^^^^^^^^^^^^^^^^^^^^[0m
2026-09-05T21:31:11.5483362Z [1m[94m...[0m
2026-09-05T21:31:11.5483997Z [1m[94m207[0m [1m[94m|[0m     pub(crate) fn set_path_planning_env_mode(&mut self, mode: PathPlanningEnvironmentMode) {
2026-09-05T21:31:11.5484709Z     [1m[94m|[0m                   [1m[91m^^^^^^^^^^^^^^^^^^^^^^^^^^[0m
2026-09-05T21:31:11.5485096Z [1m[94m...[0m
2026-09-05T21:31:11.5485680Z [1m[94m216[0m [1m[94m|[0m     pub(crate) fn set_path_planning_continuous_obstacle_radius(&mut self, radius: f32) {
2026-09-05T21:31:11.5486409Z     [1m[94m|[0m                   [1m[91m^^^^^^^^^^^^^^^^^^^^^^^^^^^^^^^^^^^^^^^^^^^^[0m
2026-09-05T21:31:11.5486842Z [1m[94m...[0m
2026-09-05T21:31:11.5487320Z [1m[94m225[0m [1m[94m|[0m     pub(crate) fn remove_path_planner(&mut self, planner_id: usize) {
2026-09-05T21:31:11.5488110Z     [1m[94m|[0m                   [1m[91m^^^^^^^^^^^^^^^^^^^[0m
2026-09-05T21:31:11.5488463Z [1m[94m...[0m
2026-09-05T21:31:11.5488861Z [1m[94m235[0m [1m[94m|[0m     pub(crate) fn set_path_planner_algorithm(
2026-09-05T21:31:11.5489358Z     [1m[94m|[0m                   [1m[91m^^^^^^^^^^^^^^^^^^^^^^^^^^[0m
2026-09-05T21:31:11.5489714Z [1m[94m...[0m
2026-09-05T21:31:11.5490314Z [1m[94m251[0m [1m[94m|[0m     pub(crate) fn set_path_planner_show_visited(&mut self, planner_id: usize, show_visited: bool) {
2026-09-05T21:31:11.5491039Z     [1m[94m|[0m                   [1m[91m^^^^^^^^^^^^^^^^^^^^^^^^^^^^^[0m
2026-09-05T21:31:11.5491487Z [1m[94m...[0m
2026-09-05T21:31:11.5492133Z [1m[94m263[0m [1m[94m|[0m     pub(crate) fn patch_path_planner(&mut self, planner_id: usize, patch: PathPlannerPatch) {
2026-09-05T21:31:11.5492772Z     [1m[94m|[0m                   [1m[91m^^^^^^^^^^^^^^^^^^[0m
2026-09-05T21:31:11.5493115Z [1m[94m...[0m
2026-09-05T21:31:11.5493532Z [1m[94m275[0m [1m[94m|[0m     pub(crate) fn slam_ui_state(&self) -> Vec<SlamCardState> {
2026-09-05T21:31:11.5494031Z     [1m[94m|[0m                   [1m[91m^^^^^^^^^^^^^[0m
2026-09-05T21:31:11.5494353Z [1m[94m...[0m
2026-09-05T21:31:11.5494753Z [1m[94m284[0m [1m[94m|[0m     pub(crate) fn remove_slam_demo(&mut self, slam_id: usize) {
2026-09-05T21:31:11.5495266Z     [1m[94m|[0m                   [1m[91m^^^^^^^^^^^^^^^^[0m
2026-09-05T21:31:11.5495588Z [1m[94m...[0m
2026-09-05T21:31:11.5496293Z [1m[94m294[0m [1m[94m|[0m     pub(crate) fn set_slam_drive_mode(&mut self, slam_id: usize, drive_mode: SlamDriveMode) {
2026-09-05T21:31:11.5496909Z     [1m[94m|[0m                   [1m[91m^^^^^^^^^^^^^^^^^^^[0m
2026-09-05T21:31:11.5497242Z [1m[94m...[0m
2026-09-05T21:31:11.5497887Z [1m[94m306[0m [1m[94m|[0m     pub(crate) fn set_slam_ekf_enabled(&mut self, slam_id: usize, enabled: bool) {
2026-09-05T21:31:11.5498463Z     [1m[94m|[0m                   [1m[91m^^^^^^^^^^^^^^^^^^^^[0m
2026-09-05T21:31:11.5498929Z [1m[94m...[0m
2026-09-05T21:31:11.5499416Z [1m[94m318[0m [1m[94m|[0m     pub(crate) fn set_slam_graph_enabled(&mut self, slam_id: usize, enabled: bool) {
2026-09-05T21:31:11.5499994Z     [1m[94m|[0m                   [1m[91m^^^^^^^^^^^^^^^^^^^^^^[0m
2026-09-05T21:31:11.5500334Z [1m[94m...[0m
2026-09-05T21:31:11.5500799Z [1m[94m330[0m [1m[94m|[0m     pub(crate) fn patch_slam(&mut self, slam_id: usize, patch: SlamPatch) {
2026-09-05T21:31:11.5501329Z     [1m[94m|[0m                   [1m[91m^^^^^^^^^^[0m
2026-09-05T21:31:11.5501545Z 
2026-09-05T21:31:11.5501799Z [1m[91merror[0m[1m: struct `SlamCardState` is never constructed[0m
2026-09-05T21:31:11.5502304Z   [1m[94m--> [0mrust_robotics_sim/src/simulator/slam.rs:54:19
2026-09-05T21:31:11.5502668Z    [1m[94m|[0m
2026-09-05T21:31:11.5502996Z [1m[94m54[0m [1m[94m|[0m pub(crate) struct SlamCardState {
2026-09-05T21:31:11.5503427Z    [1m[94m|[0m                   [1m[91m^^^^^^^^^^^^^[0m
2026-09-05T21:31:11.5503662Z 
2026-09-05T21:31:11.5503890Z [1m[91merror[0m[1m: struct `SlamPatch` is never constructed[0m
2026-09-05T21:31:11.5504384Z   [1m[94m--> [0mrust_robotics_sim/src/simulator/slam.rs:71:19
2026-09-05T21:31:11.5504751Z    [1m[94m|[0m
2026-09-05T21:31:11.5505076Z [1m[94m71[0m [1m[94m|[0m pub(crate) struct SlamPatch {
2026-09-05T21:31:11.5505489Z    [1m[94m|[0m                   [1m[91m^^^^^^^^^[0m
2026-09-05T21:31:11.5505707Z 
2026-09-05T21:31:11.5506300Z [1m[91merror[0m[1m: methods `status_text`, `card_state`, `set_drive_mode`, `set_ekf_enabled`, `set_graph_enabled`, and `apply_patch` are never used[0m
2026-09-05T21:31:11.5507105Z    [1m[94m--> [0mrust_robotics_sim/src/simulator/slam.rs:516:8
2026-09-05T21:31:11.5507480Z     [1m[94m|[0m
2026-09-05T21:31:11.5507890Z [1m[94m471[0m [1m[94m|[0m impl SlamDemo {
2026-09-05T21:31:11.5508398Z     [1m[94m|[0m [1m[94m-------------[0m [1m[94mmethods in this implementation[0m
2026-09-05T21:31:11.5508835Z [1m[94m...[0m
2026-09-05T21:31:11.5509199Z [1m[94m516[0m [1m[94m|[0m     fn status_text(&self) -> String {
2026-09-05T21:31:11.5509642Z     [1m[94m|[0m        [1m[91m^^^^^^^^^^^[0m
2026-09-05T21:31:11.5509974Z [1m[94m...[0m
2026-09-05T21:31:11.5510385Z [1m[94m529[0m [1m[94m|[0m     pub(crate) fn card_state(&self) -> SlamCardState {
2026-09-05T21:31:11.5510899Z     [1m[94m|[0m                   [1m[91m^^^^^^^^^^[0m
2026-09-05T21:31:11.5511248Z [1m[94m...[0m
2026-09-05T21:31:11.5511725Z [1m[94m546[0m [1m[94m|[0m     pub(crate) fn set_drive_mode(&mut self, drive_mode: DriveMode) {
2026-09-05T21:31:11.5512308Z     [1m[94m|[0m                   [1m[91m^^^^^^^^^^^^^^[0m
2026-09-05T21:31:11.5512666Z [1m[94m...[0m
2026-09-05T21:31:11.5513105Z [1m[94m550[0m [1m[94m|[0m     pub(crate) fn set_ekf_enabled(&mut self, enabled: bool) {
2026-09-05T21:31:11.5513662Z     [1m[94m|[0m                   [1m[91m^^^^^^^^^^^^^^^[0m
2026-09-05T21:31:11.5514018Z [1m[94m...[0m
2026-09-05T21:31:11.5514452Z [1m[94m558[0m [1m[94m|[0m     pub(crate) fn set_graph_enabled(&mut self, enabled: bool) {
2026-09-05T21:31:11.5514996Z     [1m[94m|[0m                   [1m[91m^^^^^^^^^^^^^^^^^[0m
2026-09-05T21:31:11.5515368Z [1m[94m...[0m
2026-09-05T21:31:11.5515796Z [1m[94m566[0m [1m[94m|[0m     pub(crate) fn apply_patch(&mut self, patch: SlamPatch) {
2026-09-05T21:31:11.5516319Z     [1m[94m|[0m                   [1m[91m^^^^^^^^^^^[0m
2026-09-05T21:31:11.5516554Z 
2026-09-05T21:31:11.5517177Z [1m[91merror[0m[1m: this `.into_iter()` call is equivalent to `.iter()` and will not consume the `Vec`[0m
2026-09-05T21:31:11.5517959Z   [1m[94m--> [0mrust_robotics_sim/src/data/adapter.rs:41:18
2026-09-05T21:31:11.5518367Z    [1m[94m|[0m
2026-09-05T21:31:11.5518710Z [1m[94m41[0m [1m[94m|[0m             self.into_iter()
2026-09-05T21:31:11.5519277Z    [1m[94m|[0m                  [1m[91m^^^^^^^^^[0m [1m[91mhelp: call directly: `iter`[0m
2026-09-05T21:31:11.5519861Z    [1m[94m|[0m
2026-09-05T21:31:11.5520680Z    [1m[94m= [0m[1mhelp[0m: for further information visit https://rust-lang.github.io/rust-clippy/rust-1.98.0/index.html#into_iter_on_ref
2026-09-05T21:31:11.5521711Z    [1m[94m= [0m[1mnote[0m: `-D clippy::into-iter-on-ref` implied by `-D warnings`
2026-09-05T21:31:11.5522421Z    [1m[94m= [0m[1mhelp[0m: to override `-D warnings` add `#[allow(clippy::into_iter_on_ref)]`
2026-09-05T21:31:11.5522781Z 
2026-09-05T21:31:11.5523150Z [1m[91merror[0m[1m: struct `ColumnData` has a public `len` method, but no `is_empty` method[0m
2026-09-05T21:31:11.5523739Z   [1m[94m--> [0mrust_robotics_sim/src/data/mod.rs:50:5
2026-09-05T21:31:11.5524092Z    [1m[94m|[0m
2026-09-05T21:31:11.5524423Z [1m[94m50[0m [1m[94m|[0m     pub fn len(&self) -> usize {
2026-09-05T21:31:11.5524894Z    [1m[94m|[0m     [1m[91m^^^^^^^^^^^^^^^^^^^^^^^^^^[0m
2026-09-05T21:31:11.5525248Z    [1m[94m|[0m
2026-09-05T21:31:11.5525962Z    [1m[94m= [0m[1mhelp[0m: for further information visit https://rust-lang.github.io/rust-clippy/rust-1.98.0/index.html#len_without_is_empty
2026-09-05T21:31:11.5526873Z    [1m[94m= [0m[1mnote[0m: `-D clippy::len-without-is-empty` implied by `-D warnings`
2026-09-05T21:31:11.5527732Z    [1m[94m= [0m[1mhelp[0m: to override `-D warnings` add `#[allow(clippy::len_without_is_empty)]`
2026-09-05T21:31:11.5528118Z 
2026-09-05T21:31:11.5586882Z [1m[91merror[0m[1m: an implementation of `From` is preferred since it gives you `Into<_>` for free where the reverse isn't true[0m
2026-09-05T21:31:11.5587834Z   [1m[94m--> [0mrust_robotics_sim/src/data/mod.rs:84:1
2026-09-05T21:31:11.5588258Z    [1m[94m|[0m
2026-09-05T21:31:11.5588639Z [1m[94m84[0m [1m[94m|[0m impl Into<Timeline> for Vec<Time> {
2026-09-05T21:31:11.5589129Z    [1m[94m|[0m [1m[91m^^^^^^^^^^^^^^^^^^^^^^^^^^^^^^^^^[0m
2026-09-05T21:31:11.5589536Z    [1m[94m|[0m
2026-09-05T21:31:11.5590315Z    [1m[94m= [0m[1mhelp[0m: for further information visit https://rust-lang.github.io/rust-clippy/rust-1.98.0/index.html#from_over_into
2026-09-05T21:31:11.5591334Z    [1m[94m= [0m[1mnote[0m: `-D clippy::from-over-into` implied by `-D warnings`
2026-09-05T21:31:11.5592072Z    [1m[94m= [0m[1mhelp[0m: to override `-D warnings` add `#[allow(clippy::from_over_into)]`
2026-09-05T21:31:11.5592864Z [1m[96mhelp[0m: replace the `Into` implementation with `From<std::vec::Vec<f32>>`
2026-09-05T21:31:11.5593355Z    [1m[94m|[0m
2026-09-05T21:31:11.5593820Z [1m[94m84[0m [92m~ [0mimpl [92mFrom[0m<[92mVec<Time>[0m> for [92mTimeline[0m {
2026-09-05T21:31:11.5594507Z [1m[94m85[0m [92m~ [0m    fn [92mfrom[0m([92mval: Vec<Time>[0m) -> [92mSelf[0m {
2026-09-05T21:31:11.5595058Z [1m[94m86[0m [1m[94m|[0m         Timeline {
2026-09-05T21:31:11.5595484Z [1m[94m87[0m [92m~ [0m            vec: [92mval[0m,
2026-09-05T21:31:11.5595858Z    [1m[94m|[0m
2026-09-05T21:31:11.5596006Z 
2026-09-05T21:31:11.5596708Z [1m[91merror[0m[1m: this `map_or` can be simplified[0m
2026-09-05T21:31:11.5597234Z    [1m[94m--> [0mrust_robotics_sim/src/data/mod.rs:129:9
2026-09-05T21:31:11.5597802Z     [1m[94m|[0m
2026-09-05T21:31:11.5598156Z [1m[94m129[0m [1m[94m|[0m [1m[91m/[0m         self.cache
2026-09-05T21:31:11.5598920Z [1m[94m130[0m [1m[94m|[0m [1m[91m|[0m             .map_or(true, |(prev, _)| (time - prev).abs() > Self::EPSILON)
2026-09-05T21:31:11.5599683Z     [1m[94m|[0m [1m[91m|__________________________________________________________________________^[0m
2026-09-05T21:31:11.5600203Z     [1m[94m|[0m
2026-09-05T21:31:11.5601161Z     [1m[94m= [0m[1mhelp[0m: for further information visit https://rust-lang.github.io/rust-clippy/rust-1.98.0/index.html#unnecessary_map_or
2026-09-05T21:31:11.5602142Z     [1m[94m= [0m[1mnote[0m: `-D clippy::unnecessary-map-or` implied by `-D warnings`
2026-09-05T21:31:11.5602847Z     [1m[94m= [0m[1mhelp[0m: to override `-D warnings` add `#[allow(clippy::unnecessary_map_or)]`
2026-09-05T21:31:11.5603640Z [1m[96mhelp[0m: use `is_none_or` instead
2026-09-05T21:31:11.5603993Z     [1m[94m|[0m
2026-09-05T21:31:11.5604597Z [1m[94m130[0m [91m- [0m            .[91mmap_or[0m([91mtrue, [0m|(prev, _)| (time - prev).abs() > Self::EPSILON)
2026-09-05T21:31:11.5605432Z [1m[94m130[0m [92m+ [0m            .[92mis_none_or[0m(|(prev, _)| (time - prev).abs() > Self::EPSILON)
2026-09-05T21:31:11.5605939Z     [1m[94m|[0m
2026-09-05T21:31:11.5606088Z 
2026-09-05T21:31:11.5606353Z [1m[91merror[0m[1m: unnecessary map of the identity function[0m
2026-09-05T21:31:11.5606890Z    [1m[94m--> [0mrust_robotics_sim/src/data/mod.rs:138:53
2026-09-05T21:31:11.5607282Z     [1m[94m|[0m
2026-09-05T21:31:11.5607931Z [1m[94m138[0m [1m[94m|[0m               self.vec.iter().position(|&t| t >= time).map(|index| {
2026-09-05T21:31:11.5608583Z     [1m[94m|[0m [1m[91m _____________________________________________________^[0m
2026-09-05T21:31:11.5609246Z [1m[94m139[0m [1m[94m|[0m [1m[91m|[0m                 // self.cache = Some((time, index));
2026-09-05T21:31:11.5609845Z [1m[94m140[0m [1m[94m|[0m [1m[91m|[0m                 index
2026-09-05T21:31:11.5610342Z [1m[94m141[0m [1m[94m|[0m [1m[91m|[0m             })
2026-09-05T21:31:11.5610914Z     [1m[94m|[0m [1m[91m|______________^[0m [1m[91mhelp: remove the call to `map`[0m
2026-09-05T21:31:11.5611405Z     [1m[94m|[0m
2026-09-05T21:31:11.5612131Z     [1m[94m= [0m[1mhelp[0m: for further information visit https://rust-lang.github.io/rust-clippy/rust-1.98.0/index.html#map_identity
2026-09-05T21:31:11.5613029Z     [1m[94m= [0m[1mnote[0m: `-D clippy::map-identity` implied by `-D warnings`
2026-09-05T21:31:11.5613779Z     [1m[94m= [0m[1mhelp[0m: to override `-D warnings` add `#[allow(clippy::map_identity)]`
2026-09-05T21:31:11.5614154Z 
2026-09-05T21:31:11.5614425Z [1m[91merror[0m[1m: unnecessary map of the identity function[0m
2026-09-05T21:31:11.5614984Z    [1m[94m--> [0mrust_robotics_sim/src/data/mod.rs:159:45
2026-09-05T21:31:11.5615395Z     [1m[94m|[0m
2026-09-05T21:31:11.5615811Z [1m[94m159[0m [1m[94m|[0m                   .map(|idx| (idx - 1).max(0))
2026-09-05T21:31:11.5616394Z     [1m[94m|[0m [1m[91m _____________________________________________^[0m
2026-09-05T21:31:11.5616921Z [1m[94m160[0m [1m[94m|[0m [1m[91m|[0m                 .map(|index| {
2026-09-05T21:31:11.5617734Z [1m[94m161[0m [1m[94m|[0m [1m[91m|[0m                     // self.cache = Some((time, index));
2026-09-05T21:31:11.5618316Z [1m[94m162[0m [1m[94m|[0m [1m[91m|[0m                     index
2026-09-05T21:31:11.5618827Z [1m[94m163[0m [1m[94m|[0m [1m[91m|[0m                 })
2026-09-05T21:31:11.5619432Z     [1m[94m|[0m [1m[91m|__________________^[0m [1m[91mhelp: remove the call to `map`[0m
2026-09-05T21:31:11.5619924Z     [1m[94m|[0m
2026-09-05T21:31:11.5620656Z     [1m[94m= [0m[1mhelp[0m: for further information visit https://rust-lang.github.io/rust-clippy/rust-1.98.0/index.html#map_identity
2026-09-05T21:31:11.5621236Z 
2026-09-05T21:31:11.5621573Z [1m[91merror[0m[1m: `(idx - 1)` is never smaller than `0` and has therefore no effect[0m
2026-09-05T21:31:11.5622162Z    [1m[94m--> [0mrust_robotics_sim/src/data/mod.rs:159:28
2026-09-05T21:31:11.5622543Z     [1m[94m|[0m
2026-09-05T21:31:11.5622923Z [1m[94m159[0m [1m[94m|[0m                 .map(|idx| (idx - 1).max(0))
2026-09-05T21:31:11.5623557Z     [1m[94m|[0m                            [1m[91m^^^^^^^^^^^^^^^^[0m [1m[91mhelp: try: `(idx - 1)`[0m
2026-09-05T21:31:11.5624283Z     [1m[94m|[0m
2026-09-05T21:31:11.5625075Z     [1m[94m= [0m[1mhelp[0m: for further information visit https://rust-lang.github.io/rust-clippy/rust-1.98.0/index.html#unnecessary_min_or_max
2026-09-05T21:31:11.5626120Z     [1m[94m= [0m[1mnote[0m: `-D clippy::unnecessary-min-or-max` implied by `-D warnings`
2026-09-05T21:31:11.5626957Z     [1m[94m= [0m[1mhelp[0m: to override `-D warnings` add `#[allow(clippy::unnecessary_min_or_max)]`
2026-09-05T21:31:11.5627530Z 
2026-09-05T21:31:11.5628292Z [1m[91merror[0m[1m: an implementation of `From` is preferred since it gives you `Into<_>` for free where the reverse isn't true[0m
2026-09-05T21:31:11.5629058Z    [1m[94m--> [0mrust_robotics_sim/src/data/mod.rs:199:1
2026-09-05T21:31:11.5629448Z     [1m[94m|[0m
2026-09-05T21:31:11.5629854Z [1m[94m199[0m [1m[94m|[0m impl<T> Into<TimeTable<T>> for TimeSeries<T> {
2026-09-05T21:31:11.5630397Z     [1m[94m|[0m [1m[91m^^^^^^^^^^^^^^^^^^^^^^^^^^^^^^^^^^^^^^^^^^^^[0m
2026-09-05T21:31:11.5630814Z     [1m[94m|[0m
2026-09-05T21:31:11.5631537Z     [1m[94m= [0m[1mhelp[0m: for further information visit https://rust-lang.github.io/rust-clippy/rust-1.98.0/index.html#from_over_into
2026-09-05T21:31:11.5632552Z [1m[96mhelp[0m: replace the `Into` implementation with `From<data::TimeSeries<T>>`
2026-09-05T21:31:11.5633065Z     [1m[94m|[0m
2026-09-05T21:31:11.5633780Z [1m[94m199[0m [92m~ [0mimpl<T> [92mFrom[0m<[92mTimeSeries<T>[0m> for [92mTimeTable<T>[0m {
2026-09-05T21:31:11.5634530Z [1m[94m200[0m [92m~ [0m    fn [92mfrom[0m([92mval: TimeSeries<T>[0m) -> [92mSelf[0m {
2026-09-05T21:31:11.5635082Z [1m[94m201[0m [1m[94m|[0m         TimeTable {
2026-09-05T21:31:11.5635583Z [1m[94m202[0m [92m~ [0m            time: [92mval[0m.time,
2026-09-05T21:31:11.5636093Z [1m[94m203[0m [92m~ [0m            data: vec![[92mval[0m.data],
2026-09-05T21:31:11.5636497Z     [1m[94m|[0m
2026-09-05T21:31:11.5636637Z 
2026-09-05T21:31:11.5637014Z [1m[91merror[0m[1m: using `clone` on type `Option<&T>` which implements the `Copy` trait[0m
2026-09-05T21:31:11.5637821Z    [1m[94m--> [0mrust_robotics_sim/src/data/mod.rs:251:33
2026-09-05T21:31:11.5638235Z     [1m[94m|[0m
2026-09-05T21:31:11.5638659Z [1m[94m251[0m [1m[94m|[0m                 .and_then(|vec| vec.get(idx).clone())
2026-09-05T21:31:11.5639444Z     [1m[94m|[0m                                 [1m[91m^^^^^^^^^^^^^^^^^^^^[0m [1m[91mhelp: try removing the `clone` call: `vec.get(idx)`[0m
2026-09-05T21:31:11.5640026Z     [1m[94m|[0m
2026-09-05T21:31:11.5640752Z     [1m[94m= [0m[1mhelp[0m: for further information visit https://rust-lang.github.io/rust-clippy/rust-1.98.0/index.html#clone_on_copy
2026-09-05T21:31:11.5641673Z     [1m[94m= [0m[1mnote[0m: `-D clippy::clone-on-copy` implied by `-D warnings`
2026-09-05T21:31:11.5642463Z     [1m[94m= [0m[1mhelp[0m: to override `-D warnings` add `#[allow(clippy::clone_on_copy)]`
2026-09-05T21:31:11.5642857Z 
2026-09-05T21:31:11.5643292Z [1m[91merror[0m[1m: explicit call to `.into_iter()` in function argument accepting `IntoIterator`[0m
2026-09-05T21:31:11.5643965Z    [1m[94m--> [0mrust_robotics_sim/src/data/mod.rs:293:18
2026-09-05T21:31:11.5644354Z     [1m[94m|[0m
2026-09-05T21:31:11.5644742Z [1m[94m293[0m [1m[94m|[0m             .zip(sample.into_iter())
2026-09-05T21:31:11.5645254Z     [1m[94m|[0m                  [1m[91m^^^^^^^^^^^^^^^^^^[0m
2026-09-05T21:31:11.5645634Z     [1m[94m|[0m
2026-09-05T21:31:11.5646176Z [1m[92mnote[0m: this parameter accepts any `IntoIterator`, so you don't need to call `.into_iter()`
2026-09-05T21:31:11.5647154Z    [1m[94m--> [0m/rustc/48a229ceaefd4985c50990b14116b6d856af0985/library/core/src/iter/traits/iterator.rs:632:11
2026-09-05T21:31:11.5648450Z     [1m[94m= [0m[1mhelp[0m: for further information visit https://rust-lang.github.io/rust-clippy/rust-1.98.0/index.html#useless_conversion
2026-09-05T21:31:11.5649646Z     [1m[94m= [0m[1mnote[0m: `-D clippy::useless-conversion` implied by `-D warnings`
2026-09-05T21:31:11.5650480Z     [1m[94m= [0m[1mhelp[0m: to override `-D warnings` add `#[allow(clippy::useless_conversion)]`
2026-09-05T21:31:11.5651121Z [1m[96mhelp[0m: consider removing the `.into_iter()`
2026-09-05T21:31:11.5652747Z     [1m[94m|[0m
2026-09-05T21:31:11.5653177Z [1m[94m293[0m [91m- [0m            .zip(sample[91m.into_iter()[0m)
2026-09-05T21:31:11.5653943Z [1m[94m293[0m [92m+ [0m            .zip(sample)
2026-09-05T21:31:11.5654314Z     [1m[94m|[0m
2026-09-05T21:31:11.5654503Z 
2026-09-05T21:31:11.5668168Z [1m[91merror[0m[1m: manual arithmetic check found[0m
2026-09-05T21:31:11.5668728Z   [1m[94m--> [0mrust_robotics_sim/src/simulator/common/history.rs:95:9
2026-09-05T21:31:11.5669158Z    [1m[94m|[0m
2026-09-05T21:31:11.5669605Z [1m[94m95[0m [1m[94m|[0m [1m[91m/[0m         if self.step_count > self.max_len {
2026-09-05T21:31:11.5670211Z [1m[94m96[0m [1m[94m|[0m [1m[91m|[0m             self.step_count - self.max_len
2026-09-05T21:31:11.5670713Z [1m[94m97[0m [1m[94m|[0m [1m[91m|[0m         } else {
2026-09-05T21:31:11.5671142Z [1m[94m98[0m [1m[94m|[0m [1m[91m|[0m             0
2026-09-05T21:31:11.5671561Z [1m[94m99[0m [1m[94m|[0m [1m[91m|[0m         }
2026-09-05T21:31:11.5672208Z    [1m[94m|[0m [1m[91m|_________^[0m [1m[91mhelp: replace it with: `self.step_count.saturating_sub(self.max_len)`[0m
2026-09-05T21:31:11.5672752Z    [1m[94m|[0m
2026-09-05T21:31:11.5673467Z    [1m[94m= [0m[1mhelp[0m: for further information visit https://rust-lang.github.io/rust-clippy/rust-1.98.0/index.html#implicit_saturating_sub
2026-09-05T21:31:11.5674467Z    [1m[94m= [0m[1mnote[0m: `-D clippy::implicit-saturating-sub` implied by `-D warnings`
2026-09-05T21:31:11.5675257Z    [1m[94m= [0m[1mhelp[0m: to override `-D warnings` add `#[allow(clippy::implicit_saturating_sub)]`
2026-09-05T21:31:11.5675650Z 
2026-09-05T21:31:11.5684348Z [1m[91merror[0m[1m: this function has too many arguments (8/7)[0m
2026-09-05T21:31:11.5685020Z   [1m[94m--> [0mrust_robotics_sim/src/simulator/common/visualization.rs:75:1
2026-09-05T21:31:11.5685510Z    [1m[94m|[0m
2026-09-05T21:31:11.5685950Z [1m[94m75[0m [1m[94m|[0m [1m[91m/[0m pub fn draw_labeled_vehicle(
2026-09-05T21:31:11.5686521Z [1m[94m76[0m [1m[94m|[0m [1m[91m|[0m     plot_ui: &mut PlotUi<'_>,
2026-09-05T21:31:11.5687187Z [1m[94m77[0m [1m[94m|[0m [1m[91m|[0m     pose: &rust_robotics_algo::Vector3,
2026-09-05T21:31:11.5687919Z [1m[94m78[0m [1m[94m|[0m [1m[91m|[0m     velocity: f32,
2026-09-05T21:31:11.5688317Z [1m[94m...[0m  [1m[91m|[0m
2026-09-05T21:31:11.5688750Z [1m[94m83[0m [1m[94m|[0m [1m[91m|[0m     vehicle_name: &str,
2026-09-05T21:31:11.5689220Z [1m[94m84[0m [1m[94m|[0m [1m[91m|[0m ) {
2026-09-05T21:31:11.5689613Z    [1m[94m|[0m [1m[91m|_^[0m
2026-09-05T21:31:11.5689935Z    [1m[94m|[0m
2026-09-05T21:31:11.5690587Z    [1m[94m= [0m[1mhelp[0m: for further information visit https://rust-lang.github.io/rust-clippy/rust-1.98.0/index.html#too_many_arguments
2026-09-05T21:31:11.5691479Z    [1m[94m= [0m[1mnote[0m: `-D clippy::too-many-arguments` implied by `-D warnings`
2026-09-05T21:31:11.5692333Z    [1m[94m= [0m[1mhelp[0m: to override `-D warnings` add `#[allow(clippy::too_many_arguments)]`
2026-09-05T21:31:11.5692802Z 
2026-09-05T21:31:11.5693548Z [1m[91merror[0m[1m: using `clone` on type `Matrix<f32, Const<2>, Const<2>, ArrayStorage<f32, 2, 2>>` which implements the `Copy` trait[0m
2026-09-05T21:31:11.5694505Z    [1m[94m--> [0mrust_robotics_sim/src/simulator/common/visualization.rs:142:37
2026-09-05T21:31:11.5695078Z     [1m[94m|[0m
2026-09-05T21:31:11.5695621Z [1m[94m142[0m [1m[94m|[0m     let eigen = SymmetricEigen::new(cov.clone());
2026-09-05T21:31:11.5696382Z     [1m[94m|[0m                                     [1m[91m^^^^^^^^^^^[0m [1m[91mhelp: try dereferencing it: `*cov`[0m
2026-09-05T21:31:11.5697150Z     [1m[94m|[0m
2026-09-05T21:31:11.5698114Z     [1m[94m= [0m[1mhelp[0m: for further information visit https://rust-lang.github.io/rust-clippy/rust-1.98.0/index.html#clone_on_copy
2026-09-05T21:31:11.5698782Z 
2026-09-05T21:31:11.5781852Z [1m[91merror[0m[1m: accessing first element with `qvel.get(0)`[0m
2026-09-05T21:31:11.5782575Z    [1m[94m--> [0mrust_robotics_sim/src/simulator/mujoco/native/sim.rs:182:18
2026-09-05T21:31:11.5783316Z     [1m[94m|[0m
2026-09-05T21:31:11.5783772Z [1m[94m182[0m [1m[94m|[0m                 *qvel.get(0).unwrap_or(&0.0) as f32,
2026-09-05T21:31:11.5784417Z     [1m[94m|[0m                  [1m[91m^^^^^^^^^^^[0m [1m[91mhelp: try: `qvel.first()`[0m
2026-09-05T21:31:11.5784874Z     [1m[94m|[0m
2026-09-05T21:31:11.5785604Z     [1m[94m= [0m[1mhelp[0m: for further information visit https://rust-lang.github.io/rust-clippy/rust-1.98.0/index.html#get_first
2026-09-05T21:31:11.5786530Z     [1m[94m= [0m[1mnote[0m: `-D clippy::get-first` implied by `-D warnings`
2026-09-05T21:31:11.5787138Z     [1m[94m= [0m[1mhelp[0m: to override `-D warnings` add `#[allow(clippy::get_first)]`
2026-09-05T21:31:11.5787452Z 
2026-09-05T21:31:11.5790440Z [1m[91merror[0m[1m: approximate value of `f{32, 64}::consts::PI` found[0m
2026-09-05T21:31:11.5791500Z  [1m[94m--> [0m/home/runner/work/RustRobotics/RustRobotics/target/debug/build/rust_robotics_sim-8a65505d6d8a6418/out/mujoco_bindings.rs:5:23
2026-09-05T21:31:11.5792331Z   [1m[94m|[0m
2026-09-05T21:31:11.5792738Z [1m[94m5[0m [1m[94m|[0m pub const mjPI: f64 = 3.141592653589793;
2026-09-05T21:31:11.5793254Z   [1m[94m|[0m                       [1m[91m^^^^^^^^^^^^^^^^^[0m
2026-09-05T21:31:11.5793645Z   [1m[94m|[0m
2026-09-05T21:31:11.5794052Z   [1m[94m= [0m[1mhelp[0m: consider using the constant directly
2026-09-05T21:31:11.5794971Z   [1m[94m= [0m[1mhelp[0m: for further information visit https://rust-lang.github.io/rust-clippy/rust-1.98.0/index.html#approx_constant
2026-09-05T21:31:11.5795969Z   [1m[94m= [0m[1mnote[0m: `-D clippy::approx-constant` implied by `-D warnings`
2026-09-05T21:31:11.5796743Z   [1m[94m= [0m[1mhelp[0m: to override `-D warnings` add `#[allow(clippy::approx_constant)]`
2026-09-05T21:31:11.5797119Z 
2026-09-05T21:31:11.5870557Z [1m[91merror[0m[1m: manual `RangeInclusive::contains` implementation[0m
2026-09-05T21:31:11.5871329Z   [1m[94m--> [0mrust_robotics_sim/src/simulator/common/noise.rs:32:21
2026-09-05T21:31:11.5871881Z    [1m[94m|[0m
2026-09-05T21:31:11.5872380Z [1m[94m32[0m [1m[94m|[0m             assert!(n >= -1.0 && n <= 1.0);
2026-09-05T21:31:11.5873212Z    [1m[94m|[0m                     [1m[91m^^^^^^^^^^^^^^^^^^^^^[0m [1m[91mhelp: use: `(-1.0..=1.0).contains(&n)`[0m
2026-09-05T21:31:11.5873789Z    [1m[94m|[0m
2026-09-05T21:31:11.5874662Z    [1m[94m= [0m[1mhelp[0m: for further information visit https://rust-lang.github.io/rust-clippy/rust-1.98.0/index.html#manual_range_contains
2026-09-05T21:31:11.5875794Z    [1m[94m= [0m[1mnote[0m: `-D clippy::manual-range-contains` implied by `-D warnings`
2026-09-05T21:31:11.5876711Z    [1m[94m= [0m[1mhelp[0m: to override `-D warnings` add `#[allow(clippy::manual_range_contains)]`
2026-09-05T21:31:11.5877184Z 
2026-09-05T21:31:11.5951348Z [1m[91merror[0m[1m: using `map_err` over `inspect_err`[0m
2026-09-05T21:31:11.5952080Z    [1m[94m--> [0mrust_robotics_sim/src/simulator/mujoco/native.rs:364:22
2026-09-05T21:31:11.5952645Z     [1m[94m|[0m
2026-09-05T21:31:11.5953122Z [1m[94m364[0m [1m[94m|[0m                     .map_err(|err| {
2026-09-05T21:31:11.5953725Z     [1m[94m|[0m                      [1m[91m^^^^^^^[0m
2026-09-05T21:31:11.5954203Z     [1m[94m|[0m
2026-09-05T21:31:11.5955039Z     [1m[94m= [0m[1mhelp[0m: for further information visit https://rust-lang.github.io/rust-clippy/rust-1.98.0/index.html#manual_inspect
2026-09-05T21:31:11.5956117Z     [1m[94m= [0m[1mnote[0m: `-D clippy::manual-inspect` implied by `-D warnings`
2026-09-05T21:31:11.5957242Z     [1m[94m= [0m[1mhelp[0m: to override `-D warnings` add `#[allow(clippy::manual_inspect)]`
2026-09-05T21:31:11.5958041Z [1m[96mhelp[0m: try
2026-09-05T21:31:11.5958378Z     [1m[94m|[0m
2026-09-05T21:31:11.5958866Z [1m[94m364[0m [92m~ [0m                    .[92minspect_err[0m(|err| {
2026-09-05T21:31:11.5959538Z [1m[94m365[0m [92m~ [0m                        self.init_error = Some(err.clone());
2026-09-05T21:31:11.5960302Z     [1m[94m|[0m
2026-09-05T21:31:11.5960493Z 
2026-09-05T21:31:11.5972617Z [1m[91merror[0m[1m: unnecessary closure used to substitute value for `Option::None`[0m
2026-09-05T21:31:11.5973417Z    [1m[94m--> [0mrust_robotics_sim/src/simulator/mujoco/native.rs:422:9
2026-09-05T21:31:11.5973926Z     [1m[94m|[0m
2026-09-05T21:31:11.5974433Z [1m[94m422[0m [1m[94m|[0m [1m[91m/[0m         self.controller_kind.as_deref().unwrap_or_else(|| {
2026-09-05T21:31:11.5975238Z [1m[94m423[0m [1m[94m|[0m [1m[91m|[0m             if self.onnx.meta.in_keys.len() == 1 {
2026-09-05T21:31:11.5975955Z [1m[94m424[0m [1m[94m|[0m [1m[91m|[0m                 "open_duck_mini_walk"
2026-09-05T21:31:11.5976604Z [1m[94m425[0m [1m[94m|[0m [1m[91m|[0m             } else {
2026-09-05T21:31:11.5977107Z [1m[94m...[0m   [1m[91m|[0m
2026-09-05T21:31:11.5977709Z [1m[94m428[0m [1m[94m|[0m [1m[91m|[0m         })
2026-09-05T21:31:11.5978234Z     [1m[94m|[0m [1m[91m|__________^[0m
2026-09-05T21:31:11.5978644Z     [1m[94m|[0m
2026-09-05T21:31:11.5979524Z     [1m[94m= [0m[1mhelp[0m: for further information visit https://rust-lang.github.io/rust-clippy/rust-1.98.0/index.html#unnecessary_lazy_evaluations
2026-09-05T21:31:11.5980709Z     [1m[94m= [0m[1mnote[0m: `-D clippy::unnecessary-lazy-evaluations` implied by `-D warnings`
2026-09-05T21:31:11.5981682Z     [1m[94m= [0m[1mhelp[0m: to override `-D warnings` add `#[allow(clippy::unnecessary_lazy_evaluations)]`
2026-09-05T21:31:11.5982394Z [1m[96mhelp[0m: use `unwrap_or` instead
2026-09-05T21:31:11.5982830Z     [1m[94m|[0m
2026-09-05T21:31:11.5983369Z [1m[94m422[0m [92m~ [0m        self.controller_kind.as_deref().[92munwrap_or({[0m
2026-09-05T21:31:11.5984103Z [1m[94m423[0m [92m+             if self.onnx.meta.in_keys.len() == 1 {[0m
2026-09-05T21:31:11.5984692Z [1m[94m424[0m [92m+                 "open_duck_mini_walk"[0m
2026-09-05T21:31:11.5985239Z [1m[94m425[0m [92m+             } else {[0m
2026-09-05T21:31:11.5985752Z [1m[94m426[0m [92m+                 "go2_facet"[0m
2026-09-05T21:31:11.5986256Z [1m[94m427[0m [92m+             }[0m
2026-09-05T21:31:11.5986673Z [1m[94m428[0m [92m+         })[0m
2026-09-05T21:31:11.5987060Z     [1m[94m|[0m
2026-09-05T21:31:11.5987265Z 
2026-09-05T21:31:11.5993757Z [1m[91merror[0m[1m: large size difference between variants[0m
2026-09-05T21:31:11.5994496Z    [1m[94m--> [0mrust_robotics_sim/src/simulator/mujoco/native.rs:526:1
2026-09-05T21:31:11.5995046Z     [1m[94m|[0m
2026-09-05T21:31:11.5995572Z [1m[94m526[0m [1m[94m|[0m [1m[91m/[0m enum NativeRobotController {
2026-09-05T21:31:11.5996223Z [1m[94m527[0m [1m[94m|[0m [1m[91m|[0m     Go2(Go2Controller),
2026-09-05T21:31:11.5997053Z     [1m[94m|[0m [1m[91m|[0m     [1m[94m------------------[0m [1m[94mthe largest variant contains at least 1224 bytes[0m
2026-09-05T21:31:11.5997956Z [1m[94m528[0m [1m[94m|[0m [1m[91m|[0m     Duck(DuckController),
2026-09-05T21:31:11.5998790Z     [1m[94m|[0m [1m[91m|[0m     [1m[94m--------------------[0m [1m[94mthe second-largest variant contains at least 192 bytes[0m
2026-09-05T21:31:11.5999415Z [1m[94m529[0m [1m[94m|[0m [1m[91m|[0m }
2026-09-05T21:31:11.5999874Z     [1m[94m|[0m [1m[91m|_^[0m [1m[91mthe entire enum is at least 1224 bytes[0m
2026-09-05T21:31:11.6000307Z     [1m[94m|[0m
2026-09-05T21:31:11.6001278Z     [1m[94m= [0m[1mhelp[0m: for further information visit https://rust-lang.github.io/rust-clippy/rust-1.98.0/index.html#large_enum_variant
2026-09-05T21:31:11.6002366Z     [1m[94m= [0m[1mnote[0m: `-D clippy::large-enum-variant` implied by `-D warnings`
2026-09-05T21:31:11.6003213Z     [1m[94m= [0m[1mhelp[0m: to override `-D warnings` add `#[allow(clippy::large_enum_variant)]`
2026-09-05T21:31:11.6004231Z [1m[96mhelp[0m: consider boxing the large fields or introducing indirection in some other way to reduce the total size of the enum
2026-09-05T21:31:11.6005125Z     [1m[94m|[0m
2026-09-05T21:31:11.6005511Z [1m[94m527[0m [91m- [0m    Go2([91mGo2Controller[0m),
2026-09-05T21:31:11.6006071Z [1m[94m527[0m [92m+ [0m    Go2([92mBox<Go2Controller>[0m),
2026-09-05T21:31:11.6006526Z     [1m[94m|[0m
2026-09-05T21:31:11.6006683Z 
2026-09-05T21:31:11.6049841Z [1m[91merror[0m[1m: casting to the same type is unnecessary (`f32` -> `f32`)[0m
2026-09-05T21:31:11.6050596Z     [1m[94m--> [0mrust_robotics_sim/src/simulator/mujoco/native.rs:1346:34
2026-09-05T21:31:11.6051097Z      [1m[94m|[0m
2026-09-05T21:31:11.6051673Z [1m[94m1346[0m [1m[94m|[0m                 geom.rgba[idx] = (*rgba_src.add(idx) as f32).clamp(0.0, 1.0);
2026-09-05T21:31:11.6052453Z      [1m[94m|[0m                                  [1m[91m^^^^^^^^^^^^^^^^^^^^^^^^^^^[0m [1m[91mhelp: try: `(*rgba_src.add(idx))`[0m
2026-09-05T21:31:11.6052995Z      [1m[94m|[0m
2026-09-05T21:31:11.6053768Z      [1m[94m= [0m[1mhelp[0m: for further information visit https://rust-lang.github.io/rust-clippy/rust-1.98.0/index.html#unnecessary_cast
2026-09-05T21:31:11.6054785Z      [1m[94m= [0m[1mnote[0m: `-D clippy::unnecessary-cast` implied by `-D warnings`
2026-09-05T21:31:11.6055584Z      [1m[94m= [0m[1mhelp[0m: to override `-D warnings` add `#[allow(clippy::unnecessary_cast)]`
2026-09-05T21:31:11.6055987Z 
2026-09-05T21:31:11.6077868Z [1m[91merror[0m[1m: unnecessary use of `clone` to create a slice from a reference[0m
2026-09-05T21:31:11.6078632Z     [1m[94m--> [0mrust_robotics_sim/src/simulator/mujoco/native.rs:1779:26
2026-09-05T21:31:11.6079136Z      [1m[94m|[0m
2026-09-05T21:31:11.6079593Z [1m[94m1779[0m [1m[94m|[0m                 buffers: &[vertex_layout.clone()],
2026-09-05T21:31:11.6080543Z      [1m[94m|[0m                          [1m[91m^^^^^^^^^^^^^^^^^^^^^^^^[0m [1m[91mhelp: try: `std::slice::from_ref(&vertex_layout)`[0m
2026-09-05T21:31:11.6081123Z      [1m[94m|[0m
2026-09-05T21:31:11.6081935Z      [1m[94m= [0m[1mhelp[0m: for further information visit https://rust-lang.github.io/rust-clippy/rust-1.98.0/index.html#cloned_ref_to_slice_refs
2026-09-05T21:31:11.6082987Z      [1m[94m= [0m[1mnote[0m: `-D clippy::cloned-ref-to-slice-refs` implied by `-D warnings`
2026-09-05T21:31:11.6083845Z      [1m[94m= [0m[1mhelp[0m: to override `-D warnings` add `#[allow(clippy::cloned_ref_to_slice_refs)]`
2026-09-05T21:31:11.6084274Z 
2026-09-05T21:31:11.6098084Z [1m[91merror[0m[1m: using `chunks_exact` with a constant chunk size[0m
2026-09-05T21:31:11.6098765Z     [1m[94m--> [0mrust_robotics_sim/src/simulator/mujoco/native.rs:2168:35
2026-09-05T21:31:11.6099254Z      [1m[94m|[0m
2026-09-05T21:31:11.6099711Z [1m[94m2168[0m [1m[94m|[0m             for tri in face_slice.chunks_exact(3) {
2026-09-05T21:31:11.6100699Z      [1m[94m|[0m                                   [1m[91m^^^^^^^^^^^^^^^[0m [1m[91mhelp: consider using `as_chunks` instead: `as_chunks::<3>().0`[0m
2026-09-05T21:31:11.6101329Z      [1m[94m|[0m
2026-09-05T21:31:11.6102129Z      [1m[94m= [0m[1mhelp[0m: for further information visit https://rust-lang.github.io/rust-clippy/rust-1.98.0/index.html#chunks_exact_to_as_chunks
2026-09-05T21:31:11.6103227Z      [1m[94m= [0m[1mnote[0m: `-D clippy::chunks-exact-to-as-chunks` implied by `-D warnings`
2026-09-05T21:31:11.6104136Z      [1m[94m= [0m[1mhelp[0m: to override `-D warnings` add `#[allow(clippy::chunks_exact_to_as_chunks)]`
2026-09-05T21:31:11.6104575Z 
2026-09-05T21:31:11.6109240Z [1m[91merror[0m[1m: casting to the same type is unnecessary (`f64` -> `f64`)[0m
2026-09-05T21:31:11.6109981Z     [1m[94m--> [0mrust_robotics_sim/src/simulator/mujoco/native.rs:2242:22
2026-09-05T21:31:11.6110458Z      [1m[94m|[0m
2026-09-05T21:31:11.6110917Z [1m[94m2242[0m [1m[94m|[0m         let extent = (stat.extent as f64).max(0.25);
2026-09-05T21:31:11.6111599Z      [1m[94m|[0m                      [1m[91m^^^^^^^^^^^^^^^^^^^^[0m [1m[91mhelp: try: `stat.extent`[0m
2026-09-05T21:31:11.6112296Z      [1m[94m|[0m
2026-09-05T21:31:11.6113078Z      [1m[94m= [0m[1mhelp[0m: for further information visit https://rust-lang.github.io/rust-clippy/rust-1.98.0/index.html#unnecessary_cast
2026-09-05T21:31:11.6113687Z 
2026-09-05T21:31:11.6193384Z [1m[91merror[0m[1m: this `impl` can be derived[0m
2026-09-05T21:31:11.6194000Z   [1m[94m--> [0mrust_robotics_sim/src/simulator/mujoco/mod.rs:40:1
2026-09-05T21:31:11.6194523Z    [1m[94m|[0m
2026-09-05T21:31:11.6194910Z [1m[94m40[0m [1m[94m|[0m [1m[91m/[0m impl Default for MujocoPanel {
2026-09-05T21:31:11.6195486Z [1m[94m41[0m [1m[94m|[0m [1m[91m|[0m     fn default() -> Self {
2026-09-05T21:31:11.6195982Z [1m[94m42[0m [1m[94m|[0m [1m[91m|[0m         Self {
2026-09-05T21:31:11.6196597Z [1m[94m43[0m [1m[94m|[0m [1m[91m|[0m             backend: Backend::default(),
2026-09-05T21:31:11.6197054Z [1m[94m...[0m  [1m[91m|[0m
2026-09-05T21:31:11.6197421Z [1m[94m48[0m [1m[94m|[0m [1m[91m|[0m }
2026-09-05T21:31:11.6197975Z    [1m[94m|[0m [1m[91m|_^[0m
2026-09-05T21:31:11.6198305Z    [1m[94m|[0m
2026-09-05T21:31:11.6199037Z    [1m[94m= [0m[1mhelp[0m: for further information visit https://rust-lang.github.io/rust-clippy/rust-1.98.0/index.html#derivable_impls
2026-09-05T21:31:11.6199979Z    [1m[94m= [0m[1mnote[0m: `-D clippy::derivable-impls` implied by `-D warnings`
2026-09-05T21:31:11.6200729Z    [1m[94m= [0m[1mhelp[0m: to override `-D warnings` add `#[allow(clippy::derivable_impls)]`
2026-09-05T21:31:11.6201431Z [1m[96mhelp[0m: replace the manual implementation with a derive attribute
2026-09-05T21:31:11.6201895Z    [1m[94m|[0m
2026-09-05T21:31:11.6202215Z [1m[94m24[0m [92m+ #[derive(Default)][0m
2026-09-05T21:31:11.6202659Z [1m[94m25[0m [1m[94m|[0m pub struct MujocoPanel {
2026-09-05T21:31:11.6203029Z    [1m[94m|[0m
2026-09-05T21:31:11.6203156Z 
2026-09-05T21:31:11.6241286Z [1m[91merror[0m[1m: using `clone` on type `CircleObstacle` which implements the `Copy` trait[0m
2026-09-05T21:31:11.6242096Z    [1m[94m--> [0mrust_robotics_sim/src/simulator/path_planning.rs:501:50
2026-09-05T21:31:11.6242584Z     [1m[94m|[0m
2026-09-05T21:31:11.6243093Z [1m[94m501[0m [1m[94m|[0m [1m[94m...[0m                   planner.add_obstacle(obs.clone());
2026-09-05T21:31:11.6243877Z     [1m[94m|[0m                                            [1m[91m^^^^^^^^^^^[0m [1m[91mhelp: try dereferencing it: `*obs`[0m
2026-09-05T21:31:11.6244399Z     [1m[94m|[0m
2026-09-05T21:31:11.6245158Z     [1m[94m= [0m[1mhelp[0m: for further information visit https://rust-lang.github.io/rust-clippy/rust-1.98.0/index.html#clone_on_copy
2026-09-05T21:31:11.6245738Z 
2026-09-05T21:31:11.6257943Z [1m[91merror[0m[1m: this `if` statement can be collapsed[0m
2026-09-05T21:31:11.6258720Z    [1m[94m--> [0mrust_robotics_sim/src/simulator/path_planning.rs:760:18
2026-09-05T21:31:11.6259291Z     [1m[94m|[0m
2026-09-05T21:31:11.6260079Z [1m[94m760[0m [1m[94m|[0m               else if plot_response.response.clicked_by(PointerButton::Primary) {
2026-09-05T21:31:11.6260817Z     [1m[94m|[0m [1m[91m __________________^[0m
2026-09-05T21:31:11.6261487Z [1m[94m761[0m [1m[94m|[0m [1m[91m|[0m                 if !self.grid.is_obstacle(gx, gy) {
2026-09-05T21:31:11.6262312Z [1m[94m762[0m [1m[94m|[0m [1m[91m|[0m                     let world_pos = self.grid.grid_to_world(gx, gy);
2026-09-05T21:31:11.6263118Z [1m[94m763[0m [1m[94m|[0m [1m[91m|[0m                     self.handle_left_click(world_pos);
2026-09-05T21:31:11.6263938Z [1m[94m764[0m [1m[94m|[0m [1m[91m|[0m                 }
2026-09-05T21:31:11.6264596Z [1m[94m765[0m [1m[94m|[0m [1m[91m|[0m             }
2026-09-05T21:31:11.6265108Z     [1m[94m|[0m [1m[91m|_____________^[0m
2026-09-05T21:31:11.6265546Z     [1m[94m|[0m
2026-09-05T21:31:11.6266384Z     [1m[94m= [0m[1mhelp[0m: for further information visit https://rust-lang.github.io/rust-clippy/rust-1.98.0/index.html#collapsible_if
2026-09-05T21:31:11.6267880Z     [1m[94m= [0m[1mnote[0m: `-D clippy::collapsible-if` implied by `-D warnings`
2026-09-05T21:31:11.6268804Z     [1m[94m= [0m[1mhelp[0m: to override `-D warnings` add `#[allow(clippy::collapsible_if)]`
2026-09-05T21:31:11.6269469Z [1m[96mhelp[0m: collapse nested if block
2026-09-05T21:31:11.6269908Z     [1m[94m|[0m
2026-09-05T21:31:11.6270616Z [1m[94m760[0m [92m~ [0m            else if plot_response.response.clicked_by(PointerButton::Primary)
2026-09-05T21:31:11.6271490Z [1m[94m761[0m [92m~ [0m                [92m&&[0m !self.grid.is_obstacle(gx, gy) {
2026-09-05T21:31:11.6272277Z [1m[94m762[0m [1m[94m|[0m                     let world_pos = self.grid.grid_to_world(gx, gy);
2026-09-05T21:31:11.6273018Z [1m[94m763[0m [1m[94m|[0m                     self.handle_left_click(world_pos);
2026-09-05T21:31:11.6273584Z [1m[94m764[0m [92m~ [0m                }
2026-09-05T21:31:11.6274007Z     [1m[94m|[0m
2026-09-05T21:31:11.6274163Z 
2026-09-05T21:31:11.6291967Z [1m[91merror[0m[1m: this `if` statement can be collapsed[0m
2026-09-05T21:31:11.6292759Z     [1m[94m--> [0mrust_robotics_sim/src/simulator/path_planning.rs:1278:21
2026-09-05T21:31:11.6293434Z      [1m[94m|[0m
2026-09-05T21:31:11.6294301Z [1m[94m1278[0m [1m[94m|[0m [1m[91m/[0m                     if self.state == PlanningState::ShowingResult {
2026-09-05T21:31:11.6295297Z [1m[94m1279[0m [1m[94m|[0m [1m[91m|[0m                         if ui.button("Re-run All").clicked() {
2026-09-05T21:31:11.6296211Z [1m[94m1280[0m [1m[94m|[0m [1m[91m|[0m                             self.run_all_planners();
2026-09-05T21:31:11.6297003Z [1m[94m1281[0m [1m[94m|[0m [1m[91m|[0m                         }
2026-09-05T21:31:11.6297845Z [1m[94m1282[0m [1m[94m|[0m [1m[91m|[0m                     }
2026-09-05T21:31:11.6298523Z      [1m[94m|[0m [1m[91m|_____________________^[0m
2026-09-05T21:31:11.6299102Z      [1m[94m|[0m
2026-09-05T21:31:11.6300045Z      [1m[94m= [0m[1mhelp[0m: for further information visit https://rust-lang.github.io/rust-clippy/rust-1.98.0/index.html#collapsible_if
2026-09-05T21:31:11.6300996Z [1m[96mhelp[0m: collapse nested if block
2026-09-05T21:31:11.6301527Z      [1m[94m|[0m
2026-09-05T21:31:11.6302243Z [1m[94m1278[0m [92m~ [0m                    if self.state == PlanningState::ShowingResult
2026-09-05T21:31:11.6303150Z [1m[94m1279[0m [92m~ [0m                        [92m&&[0m ui.button("Re-run All").clicked() {
2026-09-05T21:31:11.6304016Z [1m[94m1280[0m [1m[94m|[0m                             self.run_all_planners();
2026-09-05T21:31:11.6304711Z [1m[94m1281[0m [92m~ [0m                        }
2026-09-05T21:31:11.6305259Z      [1m[94m|[0m
2026-09-05T21:31:11.6305579Z 
2026-09-05T21:31:11.6393656Z [1m[91merror[0m[1m: called `map(f)` on an `Option` value where `f` is a closure that returns the unit type `()`[0m
2026-09-05T21:31:11.6394722Z    [1m[94m--> [0mrust_robotics_sim/src/simulator/pendulum/domain.rs:749:9
2026-09-05T21:31:11.6395449Z     [1m[94m|[0m
2026-09-05T21:31:11.6396067Z [1m[94m749[0m [1m[94m|[0m [1m[91m/[0m         self.data
2026-09-05T21:31:11.6396926Z [1m[94m750[0m [1m[94m|[0m [1m[91m|[0m             .values_shifted(signal_index, self.time_init, 0.0)
2026-09-05T21:31:11.6398237Z [1m[94m751[0m [1m[94m|[0m [1m[91m|[0m             .map(|values| plot_ui.line(Line::new(&line_name, values)));
2026-09-05T21:31:11.6400000Z     [1m[94m|[0m [1m[91m|______________________________________________________________________^[0m
2026-09-05T21:31:11.6400722Z     [1m[94m|[0m
2026-09-05T21:31:11.6401679Z     [1m[94m= [0m[1mhelp[0m: for further information visit https://rust-lang.github.io/rust-clippy/rust-1.98.0/index.html#option_map_unit_fn
2026-09-05T21:31:11.6402888Z     [1m[94m= [0m[1mnote[0m: `-D clippy::option-map-unit-fn` implied by `-D warnings`
2026-09-05T21:31:11.6404107Z     [1m[94m= [0m[1mhelp[0m: to override `-D warnings` add `#[allow(clippy::option_map_unit_fn)]`
2026-09-05T21:31:11.6404856Z [1m[96mhelp[0m: use `if let` instead
2026-09-05T21:31:11.6405375Z     [1m[94m|[0m
2026-09-05T21:31:11.6405954Z [1m[94m749[0m [92m~ [0m        [92mif let Some(values) = self.data[0m
2026-09-05T21:31:11.6421243Z [1m[94m750[0m [92m+             .values_shifted(signal_index, self.time_init, 0.0) { plot_ui.line(Line::new(&line_name, values)) }[0m
2026-09-05T21:31:11.6422594Z     [1m[94m|[0m
2026-09-05T21:31:11.6422931Z 
2026-09-05T21:31:11.6423627Z [1m[91merror[0m[1m: called `map(f)` on an `Option` value where `f` is a closure that returns the unit type `()`[0m
2026-09-05T21:31:11.6424626Z    [1m[94m--> [0mrust_robotics_sim/src/simulator/pendulum/domain.rs:852:13
2026-09-05T21:31:11.6425316Z     [1m[94m|[0m
2026-09-05T21:31:11.6425889Z [1m[94m852[0m [1m[94m|[0m [1m[91m/[0m             self.data
2026-09-05T21:31:11.6426705Z [1m[94m853[0m [1m[94m|[0m [1m[91m|[0m                 .values_shifted(i, self.time_init, 0.0)
2026-09-05T21:31:11.6427879Z [1m[94m854[0m [1m[94m|[0m [1m[91m|[0m                 .map(|values| plot_ui.line(Line::new(&names[i], values)));
2026-09-05T21:31:11.6428855Z     [1m[94m|[0m [1m[91m|_________________________________________________________________________^[0m
2026-09-05T21:31:11.6429520Z     [1m[94m|[0m
2026-09-05T21:31:11.6430495Z     [1m[94m= [0m[1mhelp[0m: for further information visit https://rust-lang.github.io/rust-clippy/rust-1.98.0/index.html#option_map_unit_fn
2026-09-05T21:31:11.6431453Z [1m[96mhelp[0m: use `if let` instead
2026-09-05T21:31:11.6431988Z     [1m[94m|[0m
2026-09-05T21:31:11.6432550Z [1m[94m852[0m [92m~ [0m            [92mif let Some(values) = self.data[0m
2026-09-05T21:31:11.6433629Z [1m[94m853[0m [92m+                 .values_shifted(i, self.time_init, 0.0) { plot_ui.line(Line::new(&names[i], values)) }[0m
2026-09-05T21:31:11.6434408Z     [1m[94m|[0m
2026-09-05T21:31:11.6434739Z 
2026-09-05T21:31:11.6435590Z [1m[91merror[0m[1m: implementation of inherent method `to_string(&self) -> String` for type `simulator::pendulum::domain::Controller`[0m
2026-09-05T21:31:11.6436618Z    [1m[94m--> [0mrust_robotics_sim/src/simulator/pendulum/ui.rs:237:5
2026-09-05T21:31:11.6437226Z     [1m[94m|[0m
2026-09-05T21:31:11.6437969Z [1m[94m237[0m [1m[94m|[0m [1m[91m/[0m     pub fn to_string(&self) -> String {
2026-09-05T21:31:11.6438707Z [1m[94m238[0m [1m[94m|[0m [1m[91m|[0m         match self {
2026-09-05T21:31:11.6439530Z [1m[94m239[0m [1m[94m|[0m [1m[91m|[0m             Self::LQR(_) => "LQR".to_owned(),
2026-09-05T21:31:11.6440381Z [1m[94m240[0m [1m[94m|[0m [1m[91m|[0m             Self::PID(_) => "PID".to_owned(),
2026-09-05T21:31:11.6441060Z [1m[94m...[0m   [1m[91m|[0m
2026-09-05T21:31:11.6441614Z [1m[94m244[0m [1m[94m|[0m [1m[91m|[0m     }
2026-09-05T21:31:11.6442185Z     [1m[94m|[0m [1m[91m|_____^[0m
2026-09-05T21:31:11.6442690Z     [1m[94m|[0m
2026-09-05T21:31:11.6443537Z     [1m[94m= [0m[1mhelp[0m: implement trait `Display` for type `simulator::pendulum::domain::Controller` instead
2026-09-05T21:31:11.6444810Z     [1m[94m= [0m[1mhelp[0m: for further information visit https://rust-lang.github.io/rust-clippy/rust-1.98.0/index.html#inherent_to_string
2026-09-05T21:31:11.6445971Z     [1m[94m= [0m[1mnote[0m: `-D clippy::inherent-to-string` implied by `-D warnings`
2026-09-05T21:31:11.6446934Z     [1m[94m= [0m[1mhelp[0m: to override `-D warnings` add `#[allow(clippy::inherent_to_string)]`
2026-09-05T21:31:11.6448014Z 
2026-09-05T21:31:11.6546541Z [1m[91merror[0m[1m: calling `push_str()` using a single-character string literal[0m
2026-09-05T21:31:11.6547280Z    [1m[94m--> [0mrust_robotics_sim/src/simulator/slam.rs:734:21
2026-09-05T21:31:11.6547856Z     [1m[94m|[0m
2026-09-05T21:31:11.6548293Z [1m[94m734[0m [1m[94m|[0m                     output.push_str("\n");
2026-09-05T21:31:11.6549436Z     [1m[94m|[0m                     [1m[91m^^^^^^^^^^^^^^^^^^^^^[0m [1m[91mhelp: consider using `push` with a character literal: `output.push('\n')`[0m
2026-09-05T21:31:11.6550130Z     [1m[94m|[0m
2026-09-05T21:31:11.6550934Z     [1m[94m= [0m[1mhelp[0m: for further information visit https://rust-lang.github.io/rust-clippy/rust-1.98.0/index.html#single_char_add_str
2026-09-05T21:31:11.6551970Z     [1m[94m= [0m[1mnote[0m: `-D clippy::single-char-add-str` implied by `-D warnings`
2026-09-05T21:31:11.6552796Z     [1m[94m= [0m[1mhelp[0m: to override `-D warnings` add `#[allow(clippy::single_char_add_str)]`
2026-09-05T21:31:11.6553222Z 
2026-09-05T21:31:11.6553461Z [1m[91merror[0m[1m: useless use of `format!`[0m
2026-09-05T21:31:11.6553988Z    [1m[94m--> [0mrust_robotics_sim/src/simulator/slam.rs:772:26
2026-09-05T21:31:11.6554432Z     [1m[94m|[0m
2026-09-05T21:31:11.6554917Z [1m[94m772[0m [1m[94m|[0m         output.push_str(&format!("\n--- History ---\n"));
2026-09-05T21:31:11.6555878Z     [1m[94m|[0m                          [1m[91m^^^^^^^^^^^^^^^^^^^^^^^^^^^^^^[0m [1m[91mhelp: consider using `.to_string()`: `"\n--- History ---\n".to_string()`[0m
2026-09-05T21:31:11.6556549Z     [1m[94m|[0m
2026-09-05T21:31:11.6557292Z     [1m[94m= [0m[1mhelp[0m: for further information visit https://rust-lang.github.io/rust-clippy/rust-1.98.0/index.html#useless_format
2026-09-05T21:31:11.6558446Z     [1m[94m= [0m[1mnote[0m: `-D clippy::useless-format` implied by `-D warnings`
2026-09-05T21:31:11.6559236Z     [1m[94m= [0m[1mhelp[0m: to override `-D warnings` add `#[allow(clippy::useless_format)]`
2026-09-05T21:31:11.6559622Z 
2026-09-05T21:31:11.6560471Z [1m[91merror[0m[1m: casting to the same type is unnecessary (`f32` -> `f32`)[0m
2026-09-05T21:31:11.6561105Z    [1m[94m--> [0mrust_robotics_sim/src/simulator/slam.rs:810:37
2026-09-05T21:31:11.6561522Z     [1m[94m|[0m
2026-09-05T21:31:11.6562235Z [1m[94m810[0m [1m[94m|[0m                 let dist = ((lm.x - true_lm[0] as f32).powi(2)
2026-09-05T21:31:11.6563740Z     [1m[94m|[0m                                     [1m[91m^^^^^^^^^^^^^^^^^[0m [1m[91mhelp: try: `true_lm[0]`[0m
2026-09-05T21:31:11.6564465Z     [1m[94m|[0m
2026-09-05T21:31:11.6565444Z     [1m[94m= [0m[1mhelp[0m: for further information visit https://rust-lang.github.io/rust-clippy/rust-1.98.0/index.html#unnecessary_cast
2026-09-05T21:31:11.6566240Z 
2026-09-05T21:31:11.6566807Z [1m[91merror[0m[1m: casting to the same type is unnecessary (`f32` -> `f32`)[0m
2026-09-05T21:31:11.6567853Z    [1m[94m--> [0mrust_robotics_sim/src/simulator/slam.rs:811:31
2026-09-05T21:31:11.6568322Z     [1m[94m|[0m
2026-09-05T21:31:11.6568792Z [1m[94m811[0m [1m[94m|[0m                     + (lm.y - true_lm[1] as f32).powi(2))
2026-09-05T21:31:11.6569491Z     [1m[94m|[0m                               [1m[91m^^^^^^^^^^^^^^^^^[0m [1m[91mhelp: try: `true_lm[1]`[0m
2026-09-05T21:31:11.6569989Z     [1m[94m|[0m
2026-09-05T21:31:11.6570764Z     [1m[94m= [0m[1mhelp[0m: for further information visit https://rust-lang.github.io/rust-clippy/rust-1.98.0/index.html#unnecessary_cast
2026-09-05T21:31:11.6571361Z 
2026-09-05T21:31:11.6571643Z [1m[91merror[0m[1m: empty string literal in `writeln!`[0m
2026-09-05T21:31:11.6572209Z    [1m[94m--> [0mrust_robotics_sim/src/simulator/slam.rs:832:25
2026-09-05T21:31:11.6572637Z     [1m[94m|[0m
2026-09-05T21:31:11.6573038Z [1m[94m832[0m [1m[94m|[0m                 let _ = writeln!(file, "");
2026-09-05T21:31:11.6573827Z     [1m[94m|[0m                         [1m[91m^^^^^^^^^^^^^[0m[1m[94m----[0m[1m[91m^[0m
2026-09-05T21:31:11.6574396Z     [1m[94m|[0m                                      [1m[94m|[0m
2026-09-05T21:31:11.6574968Z     [1m[94m|[0m                                      [1m[94mhelp: remove the empty string[0m
2026-09-05T21:31:11.6575419Z     [1m[94m|[0m
2026-09-05T21:31:11.6576168Z     [1m[94m= [0m[1mhelp[0m: for further information visit https://rust-lang.github.io/rust-clippy/rust-1.98.0/index.html#writeln_empty_string
2026-09-05T21:31:11.6577399Z     [1m[94m= [0m[1mnote[0m: `-D clippy::writeln-empty-string` implied by `-D warnings`
2026-09-05T21:31:11.6578701Z     [1m[94m= [0m[1mhelp[0m: to override `-D warnings` add `#[allow(clippy::writeln_empty_string)]`
2026-09-05T21:31:11.6579428Z 
2026-09-05T21:31:11.6579870Z [1m[91merror[0m[1m: empty string literal in `writeln!`[0m
2026-09-05T21:31:11.6580489Z    [1m[94m--> [0mrust_robotics_sim/src/simulator/slam.rs:847:25
2026-09-05T21:31:11.6580912Z     [1m[94m|[0m
2026-09-05T21:31:11.6581321Z [1m[94m847[0m [1m[94m|[0m                 let _ = writeln!(file, "");
2026-09-05T21:31:11.6581925Z     [1m[94m|[0m                         [1m[91m^^^^^^^^^^^^^[0m[1m[94m----[0m[1m[91m^[0m
2026-09-05T21:31:11.6582475Z     [1m[94m|[0m                                      [1m[94m|[0m
2026-09-05T21:31:11.6583039Z     [1m[94m|[0m                                      [1m[94mhelp: remove the empty string[0m
2026-09-05T21:31:11.6583507Z     [1m[94m|[0m
2026-09-05T21:31:11.6584226Z     [1m[94m= [0m[1mhelp[0m: for further information visit https://rust-lang.github.io/rust-clippy/rust-1.98.0/index.html#writeln_empty_string
2026-09-05T21:31:11.6584838Z 
2026-09-05T21:31:11.6585190Z [1m[91merror[0m[1m: casting to the same type is unnecessary (`f32` -> `f32`)[0m
2026-09-05T21:31:11.6585807Z    [1m[94m--> [0mrust_robotics_sim/src/simulator/slam.rs:852:51
2026-09-05T21:31:11.6586212Z     [1m[94m|[0m
2026-09-05T21:31:11.6586741Z [1m[94m852[0m [1m[94m|[0m                     let pos_err = ((last_pose.x - self.x_true[0] as f32).powi(2)
2026-09-05T21:31:11.6587520Z     [1m[94m|[0m                                                   [1m[91m^^^^^^^^^^^^^^^^^^^^^[0m [1m[91mhelp: try: `self.x_true[0]`[0m
2026-09-05T21:31:11.6588224Z     [1m[94m|[0m
2026-09-05T21:31:11.6588979Z     [1m[94m= [0m[1mhelp[0m: for further information visit https://rust-lang.github.io/rust-clippy/rust-1.98.0/index.html#unnecessary_cast
2026-09-05T21:31:11.6589570Z 
2026-09-05T21:31:11.6589916Z [1m[91merror[0m[1m: casting to the same type is unnecessary (`f32` -> `f32`)[0m
2026-09-05T21:31:11.6590536Z    [1m[94m--> [0mrust_robotics_sim/src/simulator/slam.rs:853:42
2026-09-05T21:31:11.6590958Z     [1m[94m|[0m
2026-09-05T21:31:11.6591411Z [1m[94m853[0m [1m[94m|[0m                         + (last_pose.y - self.x_true[1] as f32).powi(2))
2026-09-05T21:31:11.6592083Z     [1m[94m|[0m                                          [1m[91m^^^^^^^^^^^^^^^^^^^^^[0m [1m[91mhelp: try: `self.x_true[1]`[0m
2026-09-05T21:31:11.6592603Z     [1m[94m|[0m
2026-09-05T21:31:11.6593331Z     [1m[94m= [0m[1mhelp[0m: for further information visit https://rust-lang.github.io/rust-clippy/rust-1.98.0/index.html#unnecessary_cast
2026-09-05T21:31:11.6593899Z 
2026-09-05T21:31:11.6594165Z [1m[91merror[0m[1m: empty string literal in `writeln!`[0m
2026-09-05T21:31:11.6594712Z    [1m[94m--> [0mrust_robotics_sim/src/simulator/slam.rs:856:29
2026-09-05T21:31:11.6595123Z     [1m[94m|[0m
2026-09-05T21:31:11.6595549Z [1m[94m856[0m [1m[94m|[0m                     let _ = writeln!(file, "");
2026-09-05T21:31:11.6596171Z     [1m[94m|[0m                             [1m[91m^^^^^^^^^^^^^[0m[1m[94m----[0m[1m[91m^[0m
2026-09-05T21:31:11.6596731Z     [1m[94m|[0m                                          [1m[94m|[0m
2026-09-05T21:31:11.6597321Z     [1m[94m|[0m                                          [1m[94mhelp: remove the empty string[0m
2026-09-05T21:31:11.6598133Z     [1m[94m|[0m
2026-09-05T21:31:11.6598912Z     [1m[94m= [0m[1mhelp[0m: for further information visit https://rust-lang.github.io/rust-clippy/rust-1.98.0/index.html#writeln_empty_string
2026-09-05T21:31:11.6599534Z 
2026-09-05T21:31:11.6599766Z [1m[91merror[0m[1m: empty string literal in `writeln!`[0m
2026-09-05T21:31:11.6600287Z    [1m[94m--> [0mrust_robotics_sim/src/simulator/slam.rs:875:25
2026-09-05T21:31:11.6600881Z     [1m[94m|[0m
2026-09-05T21:31:11.6601288Z [1m[94m875[0m [1m[94m|[0m                 let _ = writeln!(file, "");
2026-09-05T21:31:11.6601892Z     [1m[94m|[0m                         [1m[91m^^^^^^^^^^^^^[0m[1m[94m----[0m[1m[91m^[0m
2026-09-05T21:31:11.6602430Z     [1m[94m|[0m                                      [1m[94m|[0m
2026-09-05T21:31:11.6602986Z     [1m[94m|[0m                                      [1m[94mhelp: remove the empty string[0m
2026-09-05T21:31:11.6603433Z     [1m[94m|[0m
2026-09-05T21:31:11.6604201Z     [1m[94m= [0m[1mhelp[0m: for further information visit https://rust-lang.github.io/rust-clippy/rust-1.98.0/index.html#writeln_empty_string
2026-09-05T21:31:11.6604812Z 
2026-09-05T21:31:11.6605056Z [1m[91merror[0m[1m: empty string literal in `writeln!`[0m
2026-09-05T21:31:11.6605597Z    [1m[94m--> [0mrust_robotics_sim/src/simulator/slam.rs:882:25
2026-09-05T21:31:11.6606020Z     [1m[94m|[0m
2026-09-05T21:31:11.6606414Z [1m[94m882[0m [1m[94m|[0m                 let _ = writeln!(file, "");
2026-09-05T21:31:11.6607006Z     [1m[94m|[0m                         [1m[91m^^^^^^^^^^^^^[0m[1m[94m----[0m[1m[91m^[0m
2026-09-05T21:31:11.6607704Z     [1m[94m|[0m                                      [1m[94m|[0m
2026-09-05T21:31:11.6608270Z     [1m[94m|[0m                                      [1m[94mhelp: remove the empty string[0m
2026-09-05T21:31:11.6608726Z     [1m[94m|[0m
2026-09-05T21:31:11.6609503Z     [1m[94m= [0m[1mhelp[0m: for further information visit https://rust-lang.github.io/rust-clippy/rust-1.98.0/index.html#writeln_empty_string
2026-09-05T21:31:11.6610114Z 
2026-09-05T21:31:11.6610360Z [1m[91merror[0m[1m: empty string literal in `writeln!`[0m
2026-09-05T21:31:11.6610915Z    [1m[94m--> [0mrust_robotics_sim/src/simulator/slam.rs:894:25
2026-09-05T21:31:11.6611330Z     [1m[94m|[0m
2026-09-05T21:31:11.6611734Z [1m[94m894[0m [1m[94m|[0m                 let _ = writeln!(file, "");
2026-09-05T21:31:11.6612342Z     [1m[94m|[0m                         [1m[91m^^^^^^^^^^^^^[0m[1m[94m----[0m[1m[91m^[0m
2026-09-05T21:31:11.6612879Z     [1m[94m|[0m                                      [1m[94m|[0m
2026-09-05T21:31:11.6613438Z     [1m[94m|[0m                                      [1m[94mhelp: remove the empty string[0m
2026-09-05T21:31:11.6613888Z     [1m[94m|[0m
2026-09-05T21:31:11.6614641Z     [1m[94m= [0m[1mhelp[0m: for further information visit https://rust-lang.github.io/rust-clippy/rust-1.98.0/index.html#writeln_empty_string
2026-09-05T21:31:11.6615252Z 
2026-09-05T21:31:11.6635078Z [1m[91merror[0m[1m: field assignment outside of initializer for an instance created with Default::default()[0m
2026-09-05T21:31:11.6636040Z   [1m[94m--> [0mrust_robotics_sim/src/simulator/pendulum/tests.rs:39:5
2026-09-05T21:31:11.6636747Z    [1m[94m|[0m
2026-09-05T21:31:11.6637367Z [1m[94m39[0m [1m[94m|[0m     sim_with_noise_api.state = initial_state;
2026-09-05T21:31:11.6638108Z    [1m[94m|[0m     [1m[91m^^^^^^^^^^^^^^^^^^^^^^^^^^^^^^^^^^^^^^^^^[0m
2026-09-05T21:31:11.6638512Z    [1m[94m|[0m
2026-09-05T21:31:11.6639594Z [1m[92mnote[0m: consider initializing the variable with `simulator::pendulum::domain::InvertedPendulum { state: initial_state, ..Default::default() }` and removing relevant reassignments
2026-09-05T21:31:11.6640728Z   [1m[94m--> [0mrust_robotics_sim/src/simulator/pendulum/tests.rs:38:5
2026-09-05T21:31:11.6641192Z    [1m[94m|[0m
2026-09-05T21:31:11.6641952Z [1m[94m38[0m [1m[94m|[0m     let mut sim_with_noise_api = InvertedPendulum::default();
2026-09-05T21:31:11.6642620Z    [1m[94m|[0m     [1m[92m^^^^^^^^^^^^^^^^^^^^^^^^^^^^^^^^^^^^^^^^^^^^^^^^^^^^^^^^^[0m
2026-09-05T21:31:11.6643620Z    [1m[94m= [0m[1mhelp[0m: for further information visit https://rust-lang.github.io/rust-clippy/rust-1.98.0/index.html#field_reassign_with_default
2026-09-05T21:31:11.6644713Z    [1m[94m= [0m[1mnote[0m: `-D clippy::field-reassign-with-default` implied by `-D warnings`
2026-09-05T21:31:11.6645805Z    [1m[94m= [0m[1mhelp[0m: to override `-D warnings` add `#[allow(clippy::field_reassign_with_default)]`
2026-09-05T21:31:11.6646248Z 
2026-09-05T21:31:11.6646824Z [1m[91merror[0m[1m: field assignment outside of initializer for an instance created with Default::default()[0m
2026-09-05T21:31:11.6647783Z   [1m[94m--> [0mrust_robotics_sim/src/simulator/pendulum/tests.rs:41:5
2026-09-05T21:31:11.6648276Z    [1m[94m|[0m
2026-09-05T21:31:11.6648687Z [1m[94m41[0m [1m[94m|[0m     sim_plain.state = initial_state;
2026-09-05T21:31:11.6649201Z    [1m[94m|[0m     [1m[91m^^^^^^^^^^^^^^^^^^^^^^^^^^^^^^^^[0m
2026-09-05T21:31:11.6649577Z    [1m[94m|[0m
2026-09-05T21:31:11.6650650Z [1m[92mnote[0m: consider initializing the variable with `simulator::pendulum::domain::InvertedPendulum { state: initial_state, ..Default::default() }` and removing relevant reassignments
2026-09-05T21:31:11.6651758Z   [1m[94m--> [0mrust_robotics_sim/src/simulator/pendulum/tests.rs:40:5
2026-09-05T21:31:11.6652220Z    [1m[94m|[0m
2026-09-05T21:31:11.6652712Z [1m[94m40[0m [1m[94m|[0m     let mut sim_plain = InvertedPendulum::default();
2026-09-05T21:31:11.6653311Z    [1m[94m|[0m     [1m[92m^^^^^^^^^^^^^^^^^^^^^^^^^^^^^^^^^^^^^^^^^^^^^^^^[0m
2026-09-05T21:31:11.6654282Z    [1m[94m= [0m[1mhelp[0m: for further information visit https://rust-lang.github.io/rust-clippy/rust-1.98.0/index.html#field_reassign_with_default
2026-09-05T21:31:11.6654921Z 
2026-09-05T21:31:11.6656612Z [1m[91merror[0m[1m: field assignment outside of initializer for an instance created with Default::default()[0m
2026-09-05T21:31:11.6657431Z    [1m[94m--> [0mrust_robotics_sim/src/simulator/pendulum/tests.rs:121:5
2026-09-05T21:31:11.6658321Z     [1m[94m|[0m
2026-09-05T21:31:11.6658758Z [1m[94m121[0m [1m[94m|[0m     sim.state = vector![0.3, 0.0, 0.2, 0.0];
2026-09-05T21:31:11.6659301Z     [1m[94m|[0m     [1m[91m^^^^^^^^^^^^^^^^^^^^^^^^^^^^^^^^^^^^^^^^[0m
2026-09-05T21:31:11.6659716Z     [1m[94m|[0m
2026-09-05T21:31:11.6661003Z [1m[92mnote[0m: consider initializing the variable with `simulator::pendulum::domain::InvertedPendulum { state: vector![0.3, 0.0, 0.2, 0.0], controller: Controller::lqr(Model::default()), ..Default::default() }` and removing relevant reassignments
2026-09-05T21:31:11.6663678Z    [1m[94m--> [0mrust_robotics_sim/src/simulator/pendulum/tests.rs:120:5
2026-09-05T21:31:11.6664166Z     [1m[94m|[0m
2026-09-05T21:31:11.6664696Z [1m[94m120[0m [1m[94m|[0m     let mut sim = InvertedPendulum::default();
2026-09-05T21:31:11.6665275Z     [1m[94m|[0m     [1m[92m^^^^^^^^^^^^^^^^^^^^^^^^^^^^^^^^^^^^^^^^^^[0m
2026-09-05T21:31:11.6666206Z     [1m[94m= [0m[1mhelp[0m: for further information visit https://rust-lang.github.io/rust-clippy/rust-1.98.0/index.html#field_reassign_with_default
2026-09-05T21:31:11.6666853Z 
2026-09-05T21:31:11.6667410Z [1m[91merror[0m[1m: field assignment outside of initializer for an instance created with Default::default()[0m
2026-09-05T21:31:11.6668396Z    [1m[94m--> [0mrust_robotics_sim/src/simulator/pendulum/tests.rs:146:5
2026-09-05T21:31:11.6668871Z     [1m[94m|[0m
2026-09-05T21:31:11.6669294Z [1m[94m146[0m [1m[94m|[0m     sim.state = vector![0.0, 0.0, 1.0, 0.0];
2026-09-05T21:31:11.6669840Z     [1m[94m|[0m     [1m[91m^^^^^^^^^^^^^^^^^^^^^^^^^^^^^^^^^^^^^^^^[0m
2026-09-05T21:31:11.6670240Z     [1m[94m|[0m
2026-09-05T21:31:11.6672479Z [1m[92mnote[0m: consider initializing the variable with `simulator::pendulum::domain::InvertedPendulum { state: vector![0.0, 0.0, 1.0, 0.0], controller: Controller::policy(policy_snapshot(0.0)), ..Default::default() }` and removing relevant reassignments
2026-09-05T21:31:11.6673894Z    [1m[94m--> [0mrust_robotics_sim/src/simulator/pendulum/tests.rs:145:5
2026-09-05T21:31:11.6674364Z     [1m[94m|[0m
2026-09-05T21:31:11.6674876Z [1m[94m145[0m [1m[94m|[0m     let mut sim = InvertedPendulum::default();
2026-09-05T21:31:11.6675640Z     [1m[94m|[0m     [1m[92m^^^^^^^^^^^^^^^^^^^^^^^^^^^^^^^^^^^^^^^^^^[0m
2026-09-05T21:31:11.6676602Z     [1m[94m= [0m[1mhelp[0m: for further information visit https://rust-lang.github.io/rust-clippy/rust-1.98.0/index.html#field_reassign_with_default
2026-09-05T21:31:11.6677256Z 
2026-09-05T21:31:11.6711109Z [1m[91merror[0m[1m: this `impl` can be derived[0m
2026-09-05T21:31:11.6711676Z    [1m[94m--> [0mrust_robotics_sim/src/simulator/mod.rs:362:1
2026-09-05T21:31:11.6712108Z     [1m[94m|[0m
2026-09-05T21:31:11.6712560Z [1m[94m362[0m [1m[94m|[0m [1m[91m/[0m impl Default for HelpUiState {
2026-09-05T21:31:11.6713163Z [1m[94m363[0m [1m[94m|[0m [1m[91m|[0m     fn default() -> Self {
2026-09-05T21:31:11.6713683Z [1m[94m364[0m [1m[94m|[0m [1m[91m|[0m         Self {
2026-09-05T21:31:11.6714326Z [1m[94m365[0m [1m[94m|[0m [1m[91m|[0m             visited_modes: HashSet::new(),
2026-09-05T21:31:11.6714764Z [1m[94m...[0m   [1m[91m|[0m
2026-09-05T21:31:11.6715112Z [1m[94m377[0m [1m[94m|[0m [1m[91m|[0m }
2026-09-05T21:31:11.6715495Z     [1m[94m|[0m [1m[91m|_^[0m
2026-09-05T21:31:11.6715823Z     [1m[94m|[0m
2026-09-05T21:31:11.6716586Z     [1m[94m= [0m[1mhelp[0m: for further information visit https://rust-lang.github.io/rust-clippy/rust-1.98.0/index.html#derivable_impls
2026-09-05T21:31:11.6717465Z [1m[96mhelp[0m: replace the manual implementation with a derive attribute
2026-09-05T21:31:11.6718111Z     [1m[94m|[0m
2026-09-05T21:31:11.6718426Z [1m[94m349[0m [92m+ #[derive(Default)][0m
2026-09-05T21:31:11.6718848Z [1m[94m350[0m [1m[94m|[0m struct HelpUiState {
2026-09-05T21:31:11.6719213Z     [1m[94m|[0m
2026-09-05T21:31:11.6719343Z 
2026-09-05T21:31:11.7323620Z [1m[91merror[0m: could not compile `rust_robotics_sim` (lib) due to 121 previous errors
2026-09-05T21:31:11.7324146Z [1m[33mwarning[0m: build failed, waiting for other jobs to finish...
2026-09-05T21:31:11.7593488Z [1m[91merror[0m: could not compile `rust_robotics_sim` (lib test) due to 127 previous errors
2026-09-05T21:31:11.8980275Z ##[error]Process completed with exit code 101.
